"Date Time, GMT-04:00","Temp, °C (LGR S/N: 20892126, SEN S/N: 20892126)","Intensity, Lux (LGR S/N: 20892126, SEN S/N: 20892126)"
9/26/23 20:00,24.062,0
9/26/23 20:15,23.677,0
9/26/23 20:30,23.484,0
9/26/23 20:45,23.292,0
9/26/23 21:00,23.196,0
9/26/23 21:15,23.196,0
9/26/23 21:30,23.196,0
9/26/23 21:45,23.292,0
9/26/23 22:00,23.196,0
9/26/23 22:15,23.004,0
9/26/23 22:30,22.908,0
9/26/23 22:45,22.908,0
9/26/23 23:00,23.004,0
9/26/23 23:15,22.908,0
9/26/23 23:30,22.812,0
9/26/23 23:45,22.621,0
9/27/23 0:00,22.525,0
9/27/23 0:15,22.525,0
9/27/23 0:30,22.429,0
9/27/23 0:45,22.333,0
9/27/23 1:00,22.142,0
9/27/23 1:15,21.951,0
9/27/23 1:30,21.855,0
9/27/23 1:45,21.664,0
9/27/23 2:00,21.569,0
9/27/23 2:15,21.378,0
9/27/23 2:30,21.187,0
9/27/23 2:45,21.091,0
9/27/23 3:00,21.091,0
9/27/23 3:15,21.091,0
9/27/23 3:30,21.091,0
9/27/23 3:45,20.996,0
9/27/23 4:00,20.805,0
9/27/23 4:15,20.805,0
9/27/23 4:30,20.805,0
9/27/23 4:45,20.805,0
9/27/23 5:00,20.71,0
9/27/23 5:15,20.615,0
9/27/23 5:30,20.519,0
9/27/23 5:45,20.424,0
9/27/23 6:00,20.329,0
9/27/23 6:15,20.329,0
9/27/23 6:30,20.138,0
9/27/23 6:45,20.234,0
9/27/23 7:00,20.424,0
9/27/23 7:15,20.519,0
9/27/23 7:30,20.615,0
9/27/23 7:45,20.615,86.1
9/27/23 8:00,20.71,236.8
9/27/23 8:15,20.805,419.8
9/27/23 8:30,20.901,538.2
9/27/23 8:45,21.091,828.8
9/27/23 9:00,21.187,549
9/27/23 9:15,20.901,538.2
9/27/23 9:30,20.805,871.9
9/27/23 9:45,20.519,958
9/27/23 10:00,20.329,1151.7
9/27/23 10:15,20.424,1463.9
9/27/23 10:30,20.615,1377.8
9/27/23 10:45,20.519,1377.8
9/27/23 11:00,20.71,2066.7
9/27/23 11:15,20.901,1259.4
9/27/23 11:30,20.71,1377.8
9/27/23 11:45,20.615,1377.8
9/27/23 12:00,20.71,2066.7
9/27/23 12:15,20.805,2152.8
9/27/23 12:30,20.901,3788.9
9/27/23 12:45,21.855,4477.8
9/27/23 13:00,22.238,3100
9/27/23 13:15,22.238,2755.6
9/27/23 13:30,22.333,2152.8
9/27/23 13:45,22.717,5166.7
9/27/23 14:00,22.908,2325
9/27/23 14:15,22.429,1894.5
9/27/23 14:30,22.333,3788.9
9/27/23 14:45,22.621,3444.5
9/27/23 15:00,23.1,3788.9
9/27/23 15:15,22.812,5166.7
9/27/23 15:30,22.812,3100
9/27/23 15:45,22.717,1377.8
9/27/23 16:00,22.429,1313.2
9/27/23 16:15,22.238,1463.9
9/27/23 16:30,22.238,1463.9
9/27/23 16:45,22.238,1808.3
9/27/23 17:00,22.525,1636.1
9/27/23 17:15,22.621,2497.2
9/27/23 17:30,22.525,990.3
9/27/23 17:45,22.142,850.4
9/27/23 18:00,22.142,1227.1
9/27/23 18:15,21.951,1097.9
9/27/23 18:30,21.855,581.3
9/27/23 18:45,21.664,419.8
9/27/23 19:00,21.378,204.5
9/27/23 19:15,20.996,64.6
9/27/23 19:30,20.615,10.8
9/27/23 19:45,20.424,0
9/27/23 20:00,20.329,0
9/27/23 20:15,20.424,0
9/27/23 20:30,20.424,0
9/27/23 20:45,20.519,0
9/27/23 21:00,20.424,0
9/27/23 21:15,20.234,0
9/27/23 21:30,20.138,0
9/27/23 21:45,19.948,0
9/27/23 22:00,19.853,0
9/27/23 22:15,19.758,0
9/27/23 22:30,19.662,0
9/27/23 22:45,19.567,0
9/27/23 23:00,19.282,0
9/27/23 23:15,19.282,0
9/27/23 23:30,19.092,0
9/27/23 23:45,18.806,0
9/28/23 0:00,18.616,0
9/28/23 0:15,18.426,0
9/28/23 0:30,18.236,0
9/28/23 0:45,18.045,0
9/28/23 1:00,17.855,0
9/28/23 1:15,17.76,0
9/28/23 1:30,17.57,0
9/28/23 1:45,17.379,0
9/28/23 2:00,17.189,0
9/28/23 2:15,17.189,0
9/28/23 2:30,17.094,0
9/28/23 2:45,17.094,0
9/28/23 3:00,16.999,0
9/28/23 3:15,17.094,0
9/28/23 3:30,17.094,0
9/28/23 3:45,16.999,0
9/28/23 4:00,16.903,0
9/28/23 4:15,16.903,0
9/28/23 4:30,16.903,0
9/28/23 4:45,16.903,0
9/28/23 5:00,16.999,0
9/28/23 5:15,16.903,0
9/28/23 5:30,16.999,0
9/28/23 5:45,16.808,0
9/28/23 6:00,16.618,0
9/28/23 6:15,16.427,0
9/28/23 6:30,16.618,0
9/28/23 6:45,16.618,0
9/28/23 7:00,16.618,0
9/28/23 7:15,16.523,0
9/28/23 7:30,16.523,21.5
9/28/23 7:45,16.618,96.9
9/28/23 8:00,16.618,226
9/28/23 8:15,16.618,333.7
9/28/23 8:30,16.808,409
9/28/23 8:45,16.903,301.4
9/28/23 9:00,17.284,947.2
9/28/23 9:15,17.379,1173.3
9/28/23 9:30,17.76,1463.9
9/28/23 9:45,17.95,1636.1
9/28/23 10:00,18.045,2238.9
9/28/23 10:15,17.855,2152.8
9/28/23 10:30,18.236,2066.7
9/28/23 10:45,18.521,2152.8
9/28/23 11:00,18.521,1980.6
9/28/23 11:15,18.806,2497.2
9/28/23 11:30,19.187,2927.8
9/28/23 11:45,19.662,3444.5
9/28/23 12:00,19.567,3272.2
9/28/23 12:15,19.377,2755.6
9/28/23 12:30,19.853,3272.2
9/28/23 12:45,20.234,3788.9
9/28/23 13:00,20.615,4477.8
9/28/23 13:15,20.805,4305.6
9/28/23 13:30,20.996,4650
9/28/23 13:45,21.473,5166.7
9/28/23 14:00,21.664,4477.8
9/28/23 14:15,21.76,5166.7
9/28/23 14:30,23.004,3961.1
9/28/23 14:45,24.351,3788.9
9/28/23 15:00,24.448,3272.2
9/28/23 15:15,24.351,2325
9/28/23 15:30,23.484,1636.1
9/28/23 15:45,23.1,1894.5
9/28/23 16:00,23.292,2152.8
9/28/23 16:15,23.388,1980.6
9/28/23 16:30,23.581,3272.2
9/28/23 16:45,23.388,2152.8
9/28/23 17:00,23.1,2411.1
9/28/23 17:15,22.812,1151.7
9/28/23 17:30,22.717,1463.9
9/28/23 17:45,22.525,1194.8
9/28/23 18:00,22.525,1076.4
9/28/23 18:15,22.238,527.4
9/28/23 18:30,21.855,775
9/28/23 18:45,21.76,549
9/28/23 19:00,21.378,344.4
9/28/23 19:15,20.996,118.4
9/28/23 19:30,20.615,43.1
9/28/23 19:45,20.234,0
9/28/23 20:00,20.043,0
9/28/23 20:15,19.662,0
9/28/23 20:30,19.472,0
9/28/23 20:45,19.282,0
9/28/23 21:00,19.092,0
9/28/23 21:15,18.901,0
9/28/23 21:30,18.711,0
9/28/23 21:45,18.616,0
9/28/23 22:00,18.426,0
9/28/23 22:15,18.426,0
9/28/23 22:30,18.236,0
9/28/23 22:45,18.14,0
9/28/23 23:00,18.14,0
9/28/23 23:15,18.14,0
9/28/23 23:30,18.236,0
9/28/23 23:45,18.14,0
9/29/23 0:00,17.95,0
9/29/23 0:15,17.76,0
9/29/23 0:30,17.57,0
9/29/23 0:45,17.379,0
9/29/23 1:00,17.189,0
9/29/23 1:15,16.999,0
9/29/23 1:30,16.903,0
9/29/23 1:45,16.808,0
9/29/23 2:00,16.713,0
9/29/23 2:15,16.618,0
9/29/23 2:30,16.523,0
9/29/23 2:45,16.332,0
9/29/23 3:00,16.237,0
9/29/23 3:15,16.237,0
9/29/23 3:30,16.237,0
9/29/23 3:45,16.141,0
9/29/23 4:00,16.046,0
9/29/23 4:15,15.951,0
9/29/23 4:30,15.855,0
9/29/23 4:45,15.855,0
9/29/23 5:00,15.76,0
9/29/23 5:15,15.855,0
9/29/23 5:30,15.76,0
9/29/23 5:45,15.664,0
9/29/23 6:00,15.664,0
9/29/23 6:15,15.569,0
9/29/23 6:30,15.569,0
9/29/23 6:45,15.664,0
9/29/23 7:00,15.664,0
9/29/23 7:15,15.664,0
9/29/23 7:30,15.664,21.5
9/29/23 7:45,15.473,118.4
9/29/23 8:00,15.569,247.6
9/29/23 8:15,15.76,344.4
9/29/23 8:30,16.141,430.6
9/29/23 8:45,16.523,484.4
9/29/23 9:00,17.189,549
9/29/23 9:15,17.665,592
9/29/23 9:30,18.14,742.7
9/29/23 9:45,18.806,1463.9
9/29/23 10:00,19.662,1194.8
9/29/23 10:15,20.138,1044.1
9/29/23 10:30,20.615,1377.8
9/29/23 10:45,21.091,1302.4
9/29/23 11:00,21.569,1356.3
9/29/23 11:15,21.855,1463.9
9/29/23 11:30,22.333,1550
9/29/23 11:45,22.621,1636.1
9/29/23 12:00,23.004,1463.9
9/29/23 12:15,23.292,1463.9
9/29/23 12:30,23.581,1463.9
9/29/23 12:45,23.869,1463.9
9/29/23 13:00,23.966,1377.8
9/29/23 13:15,24.255,1463.9
9/29/23 13:30,24.738,2238.9
9/29/23 13:45,24.835,1980.6
9/29/23 14:00,25.319,2325
9/29/23 14:15,26.488,3788.9
9/29/23 14:30,26.585,1980.6
9/29/23 14:45,27.665,1550
9/29/23 15:00,28.159,3444.5
9/29/23 15:15,28.357,3272.2
9/29/23 15:30,27.862,2497.2
9/29/23 15:45,27.173,1808.3
9/29/23 16:00,27.173,2497.2
9/29/23 16:15,27.173,1722.2
9/29/23 16:30,26.977,1980.6
9/29/23 16:45,26.977,1636.1
9/29/23 17:00,26.683,1463.9
9/29/23 17:15,26.585,1722.2
9/29/23 17:30,26.488,624.3
9/29/23 17:45,25.805,850.4
9/29/23 18:00,25.513,322.9
9/29/23 18:15,25.416,914.9
9/29/23 18:30,25.319,624.3
9/29/23 18:45,25.416,828.8
9/29/23 19:00,24.931,172.2
9/29/23 19:15,24.351,75.3
9/29/23 19:30,23.966,10.8
9/29/23 19:45,23.581,0
9/29/23 20:00,23.196,0
9/29/23 20:15,22.908,0
9/29/23 20:30,22.717,0
9/29/23 20:45,22.525,0
9/29/23 21:00,22.429,0
9/29/23 21:15,22.429,0
9/29/23 21:30,22.525,0
9/29/23 21:45,22.429,0
9/29/23 22:00,22.333,0
9/29/23 22:15,22.142,0
9/29/23 22:30,21.951,0
9/29/23 22:45,21.76,0
9/29/23 23:00,21.473,0
9/29/23 23:15,21.282,0
9/29/23 23:30,21.091,0
9/29/23 23:45,20.805,0
9/30/23 0:00,20.615,0
9/30/23 0:15,20.424,0
9/30/23 0:30,20.234,0
9/30/23 0:45,20.043,0
9/30/23 1:00,19.853,0
9/30/23 1:15,19.662,0
9/30/23 1:30,19.472,0
9/30/23 1:45,19.472,0
9/30/23 2:00,19.282,0
9/30/23 2:15,19.092,0
9/30/23 2:30,19.092,0
9/30/23 2:45,18.996,0
9/30/23 3:00,18.806,0
9/30/23 3:15,18.711,0
9/30/23 3:30,18.616,0
9/30/23 3:45,18.521,0
9/30/23 4:00,18.331,0
9/30/23 4:15,18.236,0
9/30/23 4:30,18.236,0
9/30/23 4:45,18.236,0
9/30/23 5:00,18.14,0
9/30/23 5:15,18.14,0
9/30/23 5:30,18.045,0
9/30/23 5:45,18.045,0
9/30/23 6:00,17.855,0
9/30/23 6:15,17.76,0
9/30/23 6:30,17.76,0
9/30/23 6:45,17.665,0
9/30/23 7:00,17.665,0
9/30/23 7:15,17.57,0
9/30/23 7:30,17.57,10.8
9/30/23 7:45,17.57,107.6
9/30/23 8:00,17.665,204.5
9/30/23 8:15,17.855,279.9
9/30/23 8:30,18.14,355.2
9/30/23 8:45,18.426,409
9/30/23 9:00,18.806,473.6
9/30/23 9:15,19.377,549
9/30/23 9:30,20.138,667.4
9/30/23 9:45,20.901,1194.8
9/30/23 10:00,21.664,1108.7
9/30/23 10:15,22.046,1011.8
9/30/23 10:30,22.429,1184
9/30/23 10:45,23.1,1248.6
9/30/23 11:00,23.581,1291.7
9/30/23 11:15,24.062,1463.9
9/30/23 11:30,24.448,1463.9
9/30/23 11:45,24.835,1550
9/30/23 12:00,25.125,1377.8
9/30/23 12:15,25.61,1463.9
9/30/23 12:30,26,1377.8
9/30/23 12:45,25.902,1550
9/30/23 13:00,26.292,1722.2
9/30/23 13:15,26.195,1808.3
9/30/23 13:30,26.292,1808.3
9/30/23 13:45,26.585,1894.5
9/30/23 14:00,26.683,2238.9
9/30/23 14:15,27.567,3100
9/30/23 14:30,29.452,5166.7
9/30/23 14:45,28.754,2325
9/30/23 15:00,28.555,2325
9/30/23 15:15,27.468,1550
9/30/23 15:30,26.977,1980.6
9/30/23 15:45,27.37,2755.6
9/30/23 16:00,27.764,2152.8
9/30/23 16:15,26.879,1722.2
9/30/23 16:30,26.292,1463.9
9/30/23 16:45,26.292,1205.6
9/30/23 17:00,26.39,1463.9
9/30/23 17:15,26.488,1044.1
9/30/23 17:30,26.195,785.8
9/30/23 17:45,26.097,688.9
9/30/23 18:00,25.902,635.1
9/30/23 18:15,25.805,602.8
9/30/23 18:30,25.61,462.9
9/30/23 18:45,25.222,279.9
9/30/23 19:00,24.931,129.2
9/30/23 19:15,24.448,53.8
9/30/23 19:30,24.062,0
9/30/23 19:45,23.677,0
9/30/23 20:00,23.388,0
9/30/23 20:15,23.004,0
9/30/23 20:30,22.717,0
9/30/23 20:45,22.429,0
9/30/23 21:00,22.238,0
9/30/23 21:15,22.142,0
9/30/23 21:30,22.046,0
9/30/23 21:45,21.855,0
9/30/23 22:00,21.76,0
9/30/23 22:15,21.569,0
9/30/23 22:30,21.378,0
9/30/23 22:45,21.282,0
9/30/23 23:00,21.091,0
9/30/23 23:15,20.996,0
9/30/23 23:30,20.901,0
9/30/23 23:45,20.805,0
10/1/23 0:00,20.71,0
10/1/23 0:15,20.615,0
10/1/23 0:30,20.424,0
10/1/23 0:45,20.138,0
10/1/23 1:00,19.948,0
10/1/23 1:15,19.853,0
10/1/23 1:30,19.662,0
10/1/23 1:45,19.567,0
10/1/23 2:00,19.377,0
10/1/23 2:15,19.282,0
10/1/23 2:30,19.187,0
10/1/23 2:45,19.092,0
10/1/23 3:00,18.996,0
10/1/23 3:15,18.901,0
10/1/23 3:30,18.806,0
10/1/23 3:45,18.711,0
10/1/23 4:00,18.521,0
10/1/23 4:15,18.521,0
10/1/23 4:30,18.426,0
10/1/23 4:45,18.426,0
10/1/23 5:00,18.331,0
10/1/23 5:15,18.14,0
10/1/23 5:30,18.236,0
10/1/23 5:45,18.236,0
10/1/23 6:00,18.236,0
10/1/23 6:15,18.236,0
10/1/23 6:30,18.236,0
10/1/23 6:45,18.236,0
10/1/23 7:00,18.331,0
10/1/23 7:15,18.331,0
10/1/23 7:30,18.331,10.8
10/1/23 7:45,18.236,43.1
10/1/23 8:00,18.236,193.8
10/1/23 8:15,18.426,473.6
10/1/23 8:30,18.616,279.9
10/1/23 8:45,18.711,742.7
10/1/23 9:00,19.282,527.4
10/1/23 9:15,19.758,1636.1
10/1/23 9:30,20.138,914.9
10/1/23 9:45,20.138,990.3
10/1/23 10:00,20.615,1076.4
10/1/23 10:15,20.71,958
10/1/23 10:30,20.996,1076.4
10/1/23 10:45,21.378,1324
10/1/23 11:00,21.76,1334.7
10/1/23 11:15,22.525,1550
10/1/23 11:30,22.717,2152.8
10/1/23 11:45,23.196,1463.9
10/1/23 12:00,23.292,1463.9
10/1/23 12:15,23.388,1324
10/1/23 12:30,23.677,1334.7
10/1/23 12:45,24.158,1463.9
10/1/23 13:00,23.966,1216.3
10/1/23 13:15,24.062,1377.8
10/1/23 13:30,24.351,2152.8
10/1/23 13:45,24.641,1044.1
10/1/23 14:00,24.738,1980.6
10/1/23 14:15,25.416,2583.4
10/1/23 14:30,26.977,4477.8
10/1/23 14:45,27.862,4650
10/1/23 15:00,27.567,3616.7
10/1/23 15:15,27.764,2325
10/1/23 15:30,27.272,2927.8
10/1/23 15:45,27.173,1722.2
10/1/23 16:00,26.488,2411.1
10/1/23 16:15,26.195,2152.8
10/1/23 16:30,26,1377.8
10/1/23 16:45,26.195,2066.7
10/1/23 17:00,26.097,624.3
10/1/23 17:15,25.513,1216.3
10/1/23 17:30,25.708,1011.8
10/1/23 17:45,25.708,688.9
10/1/23 18:00,25.125,645.8
10/1/23 18:15,25.125,796.5
10/1/23 18:30,25.028,398.3
10/1/23 18:45,24.641,269.1
10/1/23 19:00,24.158,118.4
10/1/23 19:15,23.581,32.3
10/1/23 19:30,23.1,0
10/1/23 19:45,22.621,0
10/1/23 20:00,22.238,0
10/1/23 20:15,21.951,0
10/1/23 20:30,21.664,0
10/1/23 20:45,21.378,0
10/1/23 21:00,21.187,0
10/1/23 21:15,20.996,0
10/1/23 21:30,20.805,0
10/1/23 21:45,20.71,0
10/1/23 22:00,20.519,0
10/1/23 22:15,20.424,0
10/1/23 22:30,20.234,0
10/1/23 22:45,20.138,0
10/1/23 23:00,19.948,0
10/1/23 23:15,19.853,0
10/1/23 23:30,19.662,0
10/1/23 23:45,19.567,0
10/2/23 0:00,19.377,0
10/2/23 0:15,19.282,0
10/2/23 0:30,19.187,0
10/2/23 0:45,19.092,0
10/2/23 1:00,18.901,0
10/2/23 1:15,18.711,0
10/2/23 1:30,18.616,0
10/2/23 1:45,18.426,0
10/2/23 2:00,18.331,0
10/2/23 2:15,18.14,0
10/2/23 2:30,18.14,0
10/2/23 2:45,18.045,0
10/2/23 3:00,17.95,0
10/2/23 3:15,17.855,0
10/2/23 3:30,17.76,0
10/2/23 3:45,17.665,0
10/2/23 4:00,17.57,0
10/2/23 4:15,17.475,0
10/2/23 4:30,17.379,0
10/2/23 4:45,17.284,0
10/2/23 5:00,17.284,0
10/2/23 5:15,17.189,0
10/2/23 5:30,17.189,0
10/2/23 5:45,16.999,0
10/2/23 6:00,16.999,0
10/2/23 6:15,16.808,0
10/2/23 6:30,16.903,0
10/2/23 6:45,16.808,0
10/2/23 7:00,16.808,0
10/2/23 7:15,16.808,0
10/2/23 7:30,16.808,10.8
10/2/23 7:45,16.713,86.1
10/2/23 8:00,16.903,172.2
10/2/23 8:15,17.189,215.3
10/2/23 8:30,17.475,269.1
10/2/23 8:45,17.855,322.9
10/2/23 9:00,18.236,376.7
10/2/23 9:15,18.806,441.3
10/2/23 9:30,19.187,538.2
10/2/23 9:45,19.758,775
10/2/23 10:00,20.519,958
10/2/23 10:15,21.091,828.8
10/2/23 10:30,21.473,904.2
10/2/23 10:45,21.855,1087.2
10/2/23 11:00,22.525,1130.2
10/2/23 11:15,22.908,1173.3
10/2/23 11:30,23.292,1291.7
10/2/23 11:45,23.581,1259.4
10/2/23 12:00,24.255,1270.1
10/2/23 12:15,24.158,1259.4
10/2/23 12:30,24.351,1151.7
10/2/23 12:45,24.448,1377.8
10/2/23 13:00,24.545,1194.8
10/2/23 13:15,24.835,1377.8
10/2/23 13:30,24.738,1141
10/2/23 13:45,24.641,1280.9
10/2/23 14:00,24.931,936.5
10/2/23 14:15,24.641,678.1
10/2/23 14:30,25.416,3100
10/2/23 14:45,27.272,3272.2
10/2/23 15:00,27.468,2497.2
10/2/23 15:15,27.173,1894.5
10/2/23 15:30,26.195,839.6
10/2/23 15:45,25.513,1377.8
10/2/23 16:00,26.097,1377.8
10/2/23 16:15,25.902,1227.1
10/2/23 16:30,25.902,1463.9
10/2/23 16:45,25.902,958
10/2/23 17:00,25.708,839.6
10/2/23 17:15,25.61,839.6
10/2/23 17:30,25.513,710.4
10/2/23 17:45,25.222,635.1
10/2/23 18:00,24.931,570.5
10/2/23 18:15,25.125,484.4
10/2/23 18:30,20.901,452.1
10/2/23 18:45,20.901,279.9
10/2/23 19:00,21.091,107.6
10/2/23 19:15,21.091,32.3
10/2/23 19:30,20.996,0
10/2/23 19:45,20.901,0
10/2/23 20:00,20.805,0
10/2/23 20:15,20.519,0
10/2/23 20:30,20.234,0
10/2/23 20:45,20.043,0
10/2/23 21:00,19.853,0
10/2/23 21:15,19.758,0
10/2/23 21:30,19.567,0
10/2/23 21:45,19.758,0
10/2/23 22:00,19.662,0
10/2/23 22:15,19.377,0
10/2/23 22:30,19.092,0
10/2/23 22:45,18.996,0
10/2/23 23:00,18.901,0
10/2/23 23:15,18.901,0
10/2/23 23:30,18.711,0
10/2/23 23:45,18.616,0
10/3/23 0:00,18.426,0
10/3/23 0:15,18.331,0
10/3/23 0:30,18.236,0
10/3/23 0:45,18.045,0
10/3/23 1:00,17.855,0
10/3/23 1:15,17.665,0
10/3/23 1:30,17.57,0
10/3/23 1:45,17.475,0
10/3/23 2:00,17.379,0
10/3/23 2:15,17.379,0
10/3/23 2:30,17.284,0
10/3/23 2:45,17.284,0
10/3/23 3:00,17.094,0
10/3/23 3:15,16.999,0
10/3/23 3:30,16.999,0
10/3/23 3:45,16.999,0
10/3/23 4:00,16.903,0
10/3/23 4:15,16.808,0
10/3/23 4:30,16.713,0
10/3/23 4:45,16.523,0
10/3/23 5:00,16.427,0
10/3/23 5:15,16.332,0
10/3/23 5:30,16.332,0
10/3/23 5:45,16.332,0
10/3/23 6:00,16.237,0
10/3/23 6:15,16.141,0
10/3/23 6:30,16.237,0
10/3/23 6:45,16.237,0
10/3/23 7:00,16.332,0
10/3/23 7:15,16.332,0
10/3/23 7:30,16.332,10.8
10/3/23 7:45,16.332,75.3
10/3/23 8:00,16.332,161.5
10/3/23 8:15,16.427,226
10/3/23 8:30,16.808,279.9
10/3/23 8:45,17.189,344.4
10/3/23 9:00,17.665,387.5
10/3/23 9:15,18.14,462.9
10/3/23 9:30,18.521,570.5
10/3/23 9:45,18.996,731.9
10/3/23 10:00,19.853,936.5
10/3/23 10:15,20.329,861.1
10/3/23 10:30,20.805,958
10/3/23 10:45,21.282,1076.4
10/3/23 11:00,21.855,1151.7
10/3/23 11:15,22.621,1205.6
10/3/23 11:30,23.1,1302.4
10/3/23 11:45,23.388,1259.4
10/3/23 12:00,23.773,1291.7
10/3/23 12:15,24.255,1216.3
10/3/23 12:30,24.158,1205.6
10/3/23 12:45,24.255,1227.1
10/3/23 13:00,24.545,1151.7
10/3/23 13:15,24.351,301.4
10/3/23 13:30,24.351,1162.5
10/3/23 13:45,24.641,1044.1
10/3/23 14:00,24.738,1141
10/3/23 14:15,25.222,1722.2
10/3/23 14:30,26.195,2497.2
10/3/23 14:45,26.879,2497.2
10/3/23 15:00,26.879,1980.6
10/3/23 15:15,26.683,2152.8
10/3/23 15:30,26.683,1550
10/3/23 15:45,26.292,1345.5
10/3/23 16:00,26.488,1280.9
10/3/23 16:15,26.195,1044.1
10/3/23 16:30,25.902,1001
10/3/23 16:45,25.805,925.7
10/3/23 17:00,25.902,1022.6
10/3/23 17:15,25.708,914.9
10/3/23 17:30,25.61,871.9
10/3/23 17:45,25.319,613.5
10/3/23 18:00,25.028,602.8
10/3/23 18:15,24.835,452.1
10/3/23 18:30,24.448,366
10/3/23 18:45,24.158,236.8
10/3/23 19:00,23.677,96.9
10/3/23 19:15,23.196,21.5
10/3/23 19:30,22.621,0
10/3/23 19:45,22.238,0
10/3/23 20:00,21.855,0
10/3/23 20:15,21.664,0
10/3/23 20:30,21.282,0
10/3/23 20:45,20.996,0
10/3/23 21:00,20.615,0
10/3/23 21:15,20.424,0
10/3/23 21:30,20.234,0
10/3/23 21:45,20.043,0
10/3/23 22:00,19.758,0
10/3/23 22:15,19.472,0
10/3/23 22:30,19.377,0
10/3/23 22:45,19.282,0
10/3/23 23:00,19.187,0
10/3/23 23:15,19.187,0
10/3/23 23:30,18.996,0
10/3/23 23:45,18.901,0
10/4/23 0:00,18.806,0
10/4/23 0:15,18.616,0
10/4/23 0:30,18.521,0
10/4/23 0:45,18.521,0
10/4/23 1:00,18.426,0
10/4/23 1:15,18.331,0
10/4/23 1:30,18.236,0
10/4/23 1:45,18.426,0
10/4/23 2:00,18.521,0
10/4/23 2:15,18.521,0
10/4/23 2:30,18.331,0
10/4/23 2:45,18.236,0
10/4/23 3:00,18.14,0
10/4/23 3:15,17.95,0
10/4/23 3:30,17.76,0
10/4/23 3:45,17.475,0
10/4/23 4:00,17.379,0
10/4/23 4:15,17.284,0
10/4/23 4:30,17.189,0
10/4/23 4:45,17.094,0
10/4/23 5:00,16.999,0
10/4/23 5:15,16.903,0
10/4/23 5:30,16.713,0
10/4/23 5:45,16.713,0
10/4/23 6:00,16.713,0
10/4/23 6:15,16.618,0
10/4/23 6:30,16.523,0
10/4/23 6:45,16.523,0
10/4/23 7:00,16.332,0
10/4/23 7:15,16.237,0
10/4/23 7:30,16.237,0
10/4/23 7:45,16.237,64.6
10/4/23 8:00,16.332,161.5
10/4/23 8:15,16.618,236.8
10/4/23 8:30,16.999,290.6
10/4/23 8:45,17.475,355.2
10/4/23 9:00,17.95,409
10/4/23 9:15,18.331,484.4
10/4/23 9:30,18.806,570.5
10/4/23 9:45,19.377,699.7
10/4/23 10:00,20.329,936.5
10/4/23 10:15,20.901,882.6
10/4/23 10:30,21.378,979.5
10/4/23 10:45,21.76,1076.4
10/4/23 11:00,22.621,1151.7
10/4/23 11:15,23.004,1194.8
10/4/23 11:30,23.196,1324
10/4/23 11:45,23.966,1302.4
10/4/23 12:00,24.158,1291.7
10/4/23 12:15,24.351,1302.4
10/4/23 12:30,24.641,1302.4
10/4/23 12:45,25.028,1722.2
10/4/23 13:00,24.738,1636.1
10/4/23 13:15,24.738,1130.2
10/4/23 13:30,24.931,1302.4
10/4/23 13:45,25.319,1463.9
10/4/23 14:00,25.416,1313.2
10/4/23 14:15,25.61,2152.8
10/4/23 14:30,26.488,2497.2
10/4/23 14:45,27.272,3100
10/4/23 15:00,27.37,1894.5
10/4/23 15:15,26.781,2411.1
10/4/23 15:30,26.879,2152.8
10/4/23 15:45,27.075,2238.9
10/4/23 16:00,27.272,2066.7
10/4/23 16:15,26.879,1894.5
10/4/23 16:30,26.879,1808.3
10/4/23 16:45,26.683,1356.3
10/4/23 17:00,26.097,936.5
10/4/23 17:15,25.513,570.5
10/4/23 17:30,25.222,613.5
10/4/23 17:45,25.125,667.4
10/4/23 18:00,25.028,624.3
10/4/23 18:15,24.835,376.7
10/4/23 18:30,24.351,290.6
10/4/23 18:45,23.004,172.2
10/4/23 19:00,22.621,75.3
10/4/23 19:15,22.525,0
10/4/23 19:30,22.142,0
10/4/23 19:45,21.951,0
10/4/23 20:00,21.569,0
10/4/23 20:15,21.282,0
10/4/23 20:30,21.187,0
10/4/23 20:45,20.996,0
10/4/23 21:00,20.71,0
10/4/23 21:15,20.519,0
10/4/23 21:30,20.234,0
10/4/23 21:45,20.138,0
10/4/23 22:00,20.043,0
10/4/23 22:15,19.948,0
10/4/23 22:30,19.948,0
10/4/23 22:45,19.948,0
10/4/23 23:00,19.758,0
10/4/23 23:15,19.662,0
10/4/23 23:30,19.567,0
10/4/23 23:45,19.472,0
10/5/23 0:00,19.377,0
10/5/23 0:15,19.282,0
10/5/23 0:30,19.187,0
10/5/23 0:45,18.996,0
10/5/23 1:00,18.806,0
10/5/23 1:15,18.616,0
10/5/23 1:30,18.426,0
10/5/23 1:45,18.331,0
10/5/23 2:00,18.236,0
10/5/23 2:15,18.14,0
10/5/23 2:30,18.14,0
10/5/23 2:45,18.331,0
10/5/23 3:00,18.521,0
10/5/23 3:15,18.426,0
10/5/23 3:30,18.331,0
10/5/23 3:45,18.236,0
10/5/23 4:00,18.236,0
10/5/23 4:15,18.236,0
10/5/23 4:30,18.236,0
10/5/23 4:45,17.95,0
10/5/23 5:00,17.855,0
10/5/23 5:15,17.76,0
10/5/23 5:30,17.665,0
10/5/23 5:45,17.189,0
10/5/23 6:00,16.999,0
10/5/23 6:15,16.903,0
10/5/23 6:30,16.713,0
10/5/23 6:45,16.523,0
10/5/23 7:00,16.523,0
10/5/23 7:15,16.427,0
10/5/23 7:30,16.237,32.3
10/5/23 7:45,16.237,129.2
10/5/23 8:00,16.332,247.6
10/5/23 8:15,16.713,290.6
10/5/23 8:30,16.999,419.8
10/5/23 8:45,17.475,549
10/5/23 9:00,17.855,613.5
10/5/23 9:15,18.331,742.7
10/5/23 9:30,18.901,893.4
10/5/23 9:45,19.472,882.6
10/5/23 10:00,19.853,893.4
10/5/23 10:15,20.234,990.3
10/5/23 10:30,20.615,1173.3
10/5/23 10:45,20.996,1205.6
10/5/23 11:00,21.569,1345.5
10/5/23 11:15,22.238,1722.2
10/5/23 11:30,22.621,1894.5
10/5/23 11:45,22.812,1808.3
10/5/23 12:00,22.908,1130.2
10/5/23 12:15,23.1,1259.4
10/5/23 12:30,23.004,1302.4
10/5/23 12:45,23.388,1194.8
10/5/23 13:00,23.581,1237.9
10/5/23 13:15,23.773,1636.1
10/5/23 13:30,24.062,1894.5
10/5/23 13:45,24.062,1636.1
10/5/23 14:00,24.255,1808.3
10/5/23 14:15,24.545,1722.2
10/5/23 14:30,25.028,1980.6
10/5/23 14:45,25.513,2497.2
10/5/23 15:00,25.61,2583.4
10/5/23 15:15,25.805,2325
10/5/23 15:30,25.61,1894.5
10/5/23 15:45,25.416,2066.7
10/5/23 16:00,25.708,2066.7
10/5/23 16:15,25.416,2152.8
10/5/23 16:30,25.222,2411.1
10/5/23 16:45,25.125,2669.5
10/5/23 17:00,24.738,1463.9
10/5/23 17:15,24.448,1022.6
10/5/23 17:30,24.062,936.5
10/5/23 17:45,23.966,1151.7
10/5/23 18:00,23.966,861.1
10/5/23 18:15,23.581,495.1
10/5/23 18:30,23.292,398.3
10/5/23 18:45,23.004,215.3
10/5/23 19:00,22.621,96.9
10/5/23 19:15,22.333,0
10/5/23 19:30,22.046,0
10/5/23 19:45,21.855,0
10/5/23 20:00,21.473,0
10/5/23 20:15,21.282,0
10/5/23 20:30,21.091,0
10/5/23 20:45,20.901,0
10/5/23 21:00,20.805,0
10/5/23 21:15,20.71,0
10/5/23 21:30,20.615,0
10/5/23 21:45,20.519,0
10/5/23 22:00,20.424,0
10/5/23 22:15,20.329,0
10/5/23 22:30,20.329,0
10/5/23 22:45,20.234,0
10/5/23 23:00,20.234,0
10/5/23 23:15,20.234,0
10/5/23 23:30,20.234,0
10/5/23 23:45,20.234,0
10/6/23 0:00,20.138,0
10/6/23 0:15,20.138,0
10/6/23 0:30,20.138,0
10/6/23 0:45,20.043,0
10/6/23 1:00,20.043,0
10/6/23 1:15,19.948,0
10/6/23 1:30,19.948,0
10/6/23 1:45,19.853,0
10/6/23 2:00,19.758,0
10/6/23 2:15,19.758,0
10/6/23 2:30,19.662,0
10/6/23 2:45,19.567,0
10/6/23 3:00,19.472,0
10/6/23 3:15,19.377,0
10/6/23 3:30,19.282,0
10/6/23 3:45,19.282,0
10/6/23 4:00,19.187,0
10/6/23 4:15,19.187,0
10/6/23 4:30,19.187,0
10/6/23 4:45,19.187,0
10/6/23 5:00,19.187,0
10/6/23 5:15,19.092,0
10/6/23 5:30,18.996,0
10/6/23 5:45,18.996,0
10/6/23 6:00,18.996,0
10/6/23 6:15,18.996,0
10/6/23 6:30,18.996,0
10/6/23 6:45,18.901,0
10/6/23 7:00,18.996,0
10/6/23 7:15,18.901,0
10/6/23 7:30,18.901,0
10/6/23 7:45,18.901,10.8
10/6/23 8:00,18.806,150.7
10/6/23 8:15,18.996,279.9
10/6/23 8:30,19.092,387.5
10/6/23 8:45,19.282,613.5
10/6/23 9:00,19.472,559.7
10/6/23 9:15,19.662,1162.5
10/6/23 9:30,20.043,1808.3
10/6/23 9:45,20.901,2152.8
10/6/23 10:00,21.091,1377.8
10/6/23 10:15,21.378,1894.5
10/6/23 10:30,21.76,1808.3
10/6/23 10:45,22.046,2066.7
10/6/23 11:00,22.429,2238.9
10/6/23 11:15,22.717,2411.1
10/6/23 11:30,22.908,2325
10/6/23 11:45,22.812,1980.6
10/6/23 12:00,23.388,3616.7
10/6/23 12:15,24.255,3444.5
10/6/23 12:30,24.448,2755.6
10/6/23 12:45,24.448,3272.2
10/6/23 13:00,24.448,2152.8
10/6/23 13:15,24.545,2927.8
10/6/23 13:30,24.545,2755.6
10/6/23 13:45,24.545,2927.8
10/6/23 14:00,24.835,3272.2
10/6/23 14:15,25.028,2497.2
10/6/23 14:30,24.738,2497.2
10/6/23 14:45,24.351,1808.3
10/6/23 15:00,24.062,1636.1
10/6/23 15:15,23.966,1808.3
10/6/23 15:30,23.966,2066.7
10/6/23 15:45,24.738,2583.4
10/6/23 16:00,24.641,1377.8
10/6/23 16:15,24.255,1980.6
10/6/23 16:30,24.448,1808.3
10/6/23 16:45,24.738,2497.2
10/6/23 17:00,24.641,2152.8
10/6/23 17:15,24.835,2411.1
10/6/23 17:30,24.931,1550
10/6/23 17:45,24.835,1334.7
10/6/23 18:00,24.448,936.5
10/6/23 18:15,23.966,204.5
10/6/23 18:30,23.484,86.1
10/6/23 18:45,23.004,10.8
10/6/23 19:00,20.805,21.5
10/6/23 19:15,20.043,0
10/6/23 19:30,19.758,0
10/6/23 19:45,19.758,0
10/6/23 20:00,19.662,0
10/6/23 20:15,19.567,0
10/6/23 20:30,19.472,0
10/6/23 20:45,19.377,0
10/6/23 21:00,19.377,0
10/6/23 21:15,19.377,0
10/6/23 21:30,19.282,0
10/6/23 21:45,19.282,0
10/6/23 22:00,19.187,0
10/6/23 22:15,19.092,0
10/6/23 22:30,18.996,0
10/6/23 22:45,18.901,0
10/6/23 23:00,18.711,0
10/6/23 23:15,18.426,0
10/6/23 23:30,18.331,0
10/6/23 23:45,18.236,0
10/7/23 0:00,18.236,0
10/7/23 0:15,18.236,0
10/7/23 0:30,18.045,0
10/7/23 0:45,18.045,0
10/7/23 1:00,18.045,0
10/7/23 1:15,17.95,0
10/7/23 1:30,17.855,0
10/7/23 1:45,17.76,0
10/7/23 2:00,17.665,0
10/7/23 2:15,17.57,0
10/7/23 2:30,17.475,0
10/7/23 2:45,17.379,0
10/7/23 3:00,17.284,0
10/7/23 3:15,17.094,0
10/7/23 3:30,16.999,0
10/7/23 3:45,16.903,0
10/7/23 4:00,16.713,0
10/7/23 4:15,16.523,0
10/7/23 4:30,16.332,0
10/7/23 4:45,16.141,0
10/7/23 5:00,16.046,0
10/7/23 5:15,15.855,0
10/7/23 5:30,15.664,0
10/7/23 5:45,15.473,0
10/7/23 6:00,15.282,0
10/7/23 6:15,14.996,0
10/7/23 6:30,14.613,0
10/7/23 6:45,14.325,0
10/7/23 7:00,13.942,0
10/7/23 7:15,13.654,0
10/7/23 7:30,13.365,10.8
10/7/23 7:45,13.173,86.1
10/7/23 8:00,13.076,193.8
10/7/23 8:15,13.076,290.6
10/7/23 8:30,13.076,355.2
10/7/23 8:45,13.173,441.3
10/7/23 9:00,13.269,602.8
10/7/23 9:15,13.365,645.8
10/7/23 9:30,13.461,731.9
10/7/23 9:45,13.654,1119.5
10/7/23 10:00,14.134,1722.2
10/7/23 10:15,14.517,1550
10/7/23 10:30,14.804,1808.3
10/7/23 10:45,15.187,1808.3
10/7/23 11:00,15.664,2325
10/7/23 11:15,16.046,2669.5
10/7/23 11:30,16.141,2238.9
10/7/23 11:45,16.427,1980.6
10/7/23 12:00,16.427,1894.5
10/7/23 12:15,16.523,2066.7
10/7/23 12:30,16.618,1894.5
10/7/23 12:45,16.523,1636.1
10/7/23 13:00,16.713,1324
10/7/23 13:15,16.903,1980.6
10/7/23 13:30,17.665,1894.5
10/7/23 13:45,17.95,1722.2
10/7/23 14:00,18.14,1808.3
10/7/23 14:15,18.616,2755.6
10/7/23 14:30,19.092,4305.6
10/7/23 14:45,19.187,4822.3
10/7/23 15:00,18.996,3272.2
10/7/23 15:15,19.472,5511.1
10/7/23 15:30,19.662,3272.2
10/7/23 15:45,18.901,2152.8
10/7/23 16:00,18.901,2325
10/7/23 16:15,18.806,1894.5
10/7/23 16:30,18.426,1722.2
10/7/23 16:45,18.426,1722.2
10/7/23 17:00,18.14,1151.7
10/7/23 17:15,17.76,1054.9
10/7/23 17:30,17.76,1356.3
10/7/23 17:45,17.475,882.6
10/7/23 18:00,17.189,731.9
10/7/23 18:15,16.903,602.8
10/7/23 18:30,16.618,473.6
10/7/23 18:45,16.332,269.1
10/7/23 19:00,16.046,96.9
10/7/23 19:15,15.664,21.5
10/7/23 19:30,15.378,0
10/7/23 19:45,14.996,0
10/7/23 20:00,14.804,0
10/7/23 20:15,14.613,0
10/7/23 20:30,14.325,0
10/7/23 20:45,14.23,0
10/7/23 21:00,14.134,0
10/7/23 21:15,13.942,0
10/7/23 21:30,13.846,0
10/7/23 21:45,13.75,0
10/7/23 22:00,13.558,0
10/7/23 22:15,13.365,0
10/7/23 22:30,13.269,0
10/7/23 22:45,13.076,0
10/7/23 23:00,12.98,0
10/7/23 23:15,12.883,0
10/7/23 23:30,12.69,0
10/7/23 23:45,12.594,0
10/8/23 0:00,12.401,0
10/8/23 0:15,12.207,0
10/8/23 0:30,12.11,0
10/8/23 0:45,11.916,0
10/8/23 1:00,11.722,0
10/8/23 1:15,11.528,0
10/8/23 1:30,11.431,0
10/8/23 1:45,11.334,0
10/8/23 2:00,11.236,0
10/8/23 2:15,11.041,0
10/8/23 2:30,10.944,0
10/8/23 2:45,10.846,0
10/8/23 3:00,10.748,0
10/8/23 3:15,10.651,0
10/8/23 3:30,10.553,0
10/8/23 3:45,10.357,0
10/8/23 4:00,10.357,0
10/8/23 4:15,10.161,0
10/8/23 4:30,10.063,0
10/8/23 4:45,9.965,0
10/8/23 5:00,9.866,0
10/8/23 5:15,9.669,0
10/8/23 5:30,9.472,0
10/8/23 5:45,9.472,0
10/8/23 6:00,9.373,0
10/8/23 6:15,9.275,0
10/8/23 6:30,9.176,0
10/8/23 6:45,9.077,0
10/8/23 7:00,8.978,0
10/8/23 7:15,8.879,0
10/8/23 7:30,8.779,10.8
10/8/23 7:45,8.779,86.1
10/8/23 8:00,8.879,193.8
10/8/23 8:15,9.077,290.6
10/8/23 8:30,9.275,366
10/8/23 8:45,9.571,441.3
10/8/23 9:00,9.866,645.8
10/8/23 9:15,10.161,667.4
10/8/23 9:30,10.455,742.7
10/8/23 9:45,10.748,1097.9
10/8/23 10:00,11.431,1894.5
10/8/23 10:15,12.11,1550
10/8/23 10:30,12.69,1894.5
10/8/23 10:45,13.269,1894.5
10/8/23 11:00,14.038,2411.1
10/8/23 11:15,14.517,2927.8
10/8/23 11:30,14.804,2238.9
10/8/23 11:45,15.091,1980.6
10/8/23 12:00,15.378,1980.6
10/8/23 12:15,15.76,1894.5
10/8/23 12:30,15.951,1980.6
10/8/23 12:45,15.951,1636.1
10/8/23 13:00,15.664,1324
10/8/23 13:15,15.76,1367
10/8/23 13:30,15.951,1356.3
10/8/23 13:45,16.046,1280.9
10/8/23 14:00,16.237,1302.4
10/8/23 14:15,16.332,1345.5
10/8/23 14:30,16.808,2497.2
10/8/23 14:45,17.189,2238.9
10/8/23 15:00,17.284,2066.7
10/8/23 15:15,17.855,4650
10/8/23 15:30,18.236,3100
10/8/23 15:45,18.14,2325
10/8/23 16:00,18.14,1808.3
10/8/23 16:15,17.855,1463.9
10/8/23 16:30,17.665,1291.7
10/8/23 16:45,17.665,1227.1
10/8/23 17:00,17.57,1151.7
10/8/23 17:15,17.475,968.8
10/8/23 17:30,17.379,925.7
10/8/23 17:45,17.189,839.6
10/8/23 18:00,17.094,688.9
10/8/23 18:15,17.284,796.5
10/8/23 18:30,17.094,549
10/8/23 18:45,16.523,247.6
10/8/23 19:00,15.951,75.3
10/8/23 19:15,15.378,10.8
10/8/23 19:30,14.996,0
10/8/23 19:45,14.613,0
10/8/23 20:00,14.325,0
10/8/23 20:15,14.038,0
10/8/23 20:30,13.75,0
10/8/23 20:45,13.558,0
10/8/23 21:00,13.461,0
10/8/23 21:15,13.365,0
10/8/23 21:30,13.269,0
10/8/23 21:45,13.173,0
10/8/23 22:00,13.076,0
10/8/23 22:15,12.883,0
10/8/23 22:30,12.69,0
10/8/23 22:45,12.787,0
10/8/23 23:00,12.69,0
10/8/23 23:15,12.594,0
10/8/23 23:30,12.497,0
10/8/23 23:45,12.304,0
10/9/23 0:00,12.207,0
10/9/23 0:15,12.11,0
10/9/23 0:30,11.916,0
10/9/23 0:45,11.625,0
10/9/23 1:00,11.528,0
10/9/23 1:15,11.334,0
10/9/23 1:30,11.139,0
10/9/23 1:45,10.944,0
10/9/23 2:00,10.846,0
10/9/23 2:15,10.651,0
10/9/23 2:30,10.455,0
10/9/23 2:45,10.259,0
10/9/23 3:00,10.063,0
10/9/23 3:15,9.866,0
10/9/23 3:30,9.768,0
10/9/23 3:45,9.768,0
10/9/23 4:00,9.571,0
10/9/23 4:15,9.571,0
10/9/23 4:30,9.472,0
10/9/23 4:45,9.373,0
10/9/23 5:00,9.275,0
10/9/23 5:15,9.176,0
10/9/23 5:30,8.978,0
10/9/23 5:45,8.978,0
10/9/23 6:00,8.879,0
10/9/23 6:15,8.879,0
10/9/23 6:30,8.879,0
10/9/23 6:45,8.779,0
10/9/23 7:00,8.779,0
10/9/23 7:15,8.779,0
10/9/23 7:30,8.68,0
10/9/23 7:45,8.68,75.3
10/9/23 8:00,8.779,183
10/9/23 8:15,8.978,269.1
10/9/23 8:30,9.275,344.4
10/9/23 8:45,9.571,430.6
10/9/23 9:00,10.161,602.8
10/9/23 9:15,10.748,699.7
10/9/23 9:30,11.334,731.9
10/9/23 9:45,12.304,1001
10/9/23 10:00,13.076,1463.9
10/9/23 10:15,14.23,1808.3
10/9/23 10:30,15.187,2152.8
10/9/23 10:45,16.046,2325
10/9/23 11:00,16.903,3444.5
10/9/23 11:15,17.76,3444.5
10/9/23 11:30,18.236,2755.6
10/9/23 11:45,18.331,2497.2
10/9/23 12:00,18.616,2497.2
10/9/23 12:15,19.092,2583.4
10/9/23 12:30,19.377,2497.2
10/9/23 12:45,19.472,2325
10/9/23 13:00,19.567,1722.2
10/9/23 13:15,19.662,1636.1
10/9/23 13:30,19.758,1377.8
10/9/23 13:45,20.234,1636.1
10/9/23 14:00,20.615,1636.1
10/9/23 14:15,20.805,1722.2
10/9/23 14:30,21.091,2497.2
10/9/23 14:45,21.378,2497.2
10/9/23 15:00,21.378,2583.4
10/9/23 15:15,21.378,4822.3
10/9/23 15:30,21.664,2927.8
10/9/23 15:45,21.664,2325
10/9/23 16:00,21.569,1636.1
10/9/23 16:15,21.76,1463.9
10/9/23 16:30,21.76,1313.2
10/9/23 16:45,21.569,1227.1
10/9/23 17:00,21.569,1076.4
10/9/23 17:15,21.473,925.7
10/9/23 17:30,21.473,893.4
10/9/23 17:45,21.378,818.1
10/9/23 18:00,21.378,645.8
10/9/23 18:15,21.187,538.2
10/9/23 18:30,20.901,409
10/9/23 18:45,20.805,215.3
10/9/23 19:00,20.234,64.6
10/9/23 19:15,19.758,10.8
10/9/23 19:30,19.567,0
10/9/23 19:45,19.187,0
10/9/23 20:00,18.616,0
10/9/23 20:15,18.14,0
10/9/23 20:30,17.665,0
10/9/23 20:45,17.379,0
10/9/23 21:00,17.094,0
10/9/23 21:15,16.808,0
10/9/23 21:30,16.713,0
10/9/23 21:45,16.523,0
10/9/23 22:00,16.523,0
10/9/23 22:15,16.427,0
10/9/23 22:30,16.332,0
10/9/23 22:45,16.427,0
10/9/23 23:00,16.427,0
10/9/23 23:15,16.332,0
10/9/23 23:30,16.141,0
10/9/23 23:45,15.951,0
10/10/23 0:00,15.76,0
10/10/23 0:15,15.664,0
10/10/23 0:30,15.664,0
10/10/23 0:45,15.76,0
10/10/23 1:00,15.569,0
10/10/23 1:15,15.282,0
10/10/23 1:30,15.187,0
10/10/23 1:45,14.996,0
10/10/23 2:00,14.9,0
10/10/23 2:15,14.804,0
10/10/23 2:30,14.709,0
10/10/23 2:45,14.517,0
10/10/23 3:00,14.325,0
10/10/23 3:15,14.23,0
10/10/23 3:30,14.038,0
10/10/23 3:45,13.942,0
10/10/23 4:00,13.846,0
10/10/23 4:15,13.75,0
10/10/23 4:30,13.75,0
10/10/23 4:45,13.846,0
10/10/23 5:00,13.846,0
10/10/23 5:15,13.75,0
10/10/23 5:30,13.461,0
10/10/23 5:45,13.269,0
10/10/23 6:00,13.076,0
10/10/23 6:15,12.98,0
10/10/23 6:30,12.98,0
10/10/23 6:45,12.883,0
10/10/23 7:00,12.787,0
10/10/23 7:15,12.69,0
10/10/23 7:30,12.69,10.8
10/10/23 7:45,12.594,43.1
10/10/23 8:00,12.497,183
10/10/23 8:15,12.69,419.8
10/10/23 8:30,12.883,312.2
10/10/23 8:45,13.173,538.2
10/10/23 9:00,13.461,570.5
10/10/23 9:15,13.942,914.9
10/10/23 9:30,14.709,839.6
10/10/23 9:45,15.569,1130.2
10/10/23 10:00,16.523,1550
10/10/23 10:15,17.57,1722.2
10/10/23 10:30,18.331,2411.1
10/10/23 10:45,19.092,2325
10/10/23 11:00,20.138,3788.9
10/10/23 11:15,21.282,3444.5
10/10/23 11:30,21.664,2755.6
10/10/23 11:45,22.238,2583.4
10/10/23 12:00,22.621,2583.4
10/10/23 12:15,23.1,2669.5
10/10/23 12:30,23.484,2411.1
10/10/23 12:45,23.581,2152.8
10/10/23 13:00,23.677,2325
10/10/23 13:15,23.869,2325
10/10/23 13:30,24.255,1808.3
10/10/23 13:45,24.641,1722.2
10/10/23 14:00,24.835,2238.9
10/10/23 14:15,24.641,1636.1
10/10/23 14:30,24.351,1722.2
10/10/23 14:45,24.158,1550
10/10/23 15:00,24.062,2411.1
10/10/23 15:15,24.351,4133.4
10/10/23 15:30,24.738,3272.2
10/10/23 15:45,25.222,2066.7
10/10/23 16:00,25.513,2325
10/10/23 16:15,25.513,1894.5
10/10/23 16:30,25.222,1636.1
10/10/23 16:45,25.416,1722.2
10/10/23 17:00,25.416,1550
10/10/23 17:15,25.125,1377.8
10/10/23 17:30,25.028,1463.9
10/10/23 17:45,24.738,1087.2
10/10/23 18:00,24.448,807.3
10/10/23 18:15,24.158,527.4
10/10/23 18:30,23.869,430.6
10/10/23 18:45,23.484,226
10/10/23 19:00,23.1,64.6
10/10/23 19:15,22.812,0
10/10/23 19:30,22.429,0
10/10/23 19:45,22.238,0
10/10/23 20:00,22.142,0
10/10/23 20:15,21.855,0
10/10/23 20:30,21.569,0
10/10/23 20:45,21.378,0
10/10/23 21:00,21.282,0
10/10/23 21:15,21.282,0
10/10/23 21:30,21.187,0
10/10/23 21:45,20.996,0
10/10/23 22:00,20.805,0
10/10/23 22:15,20.71,0
10/10/23 22:30,20.519,0
10/10/23 22:45,20.424,0
10/10/23 23:00,20.329,0
10/10/23 23:15,20.234,0
10/10/23 23:30,20.234,0
10/10/23 23:45,20.138,0
10/11/23 0:00,19.948,0
10/11/23 0:15,19.948,0
10/11/23 0:30,19.853,0
10/11/23 0:45,19.758,0
10/11/23 1:00,19.567,0
10/11/23 1:15,19.472,0
10/11/23 1:30,19.472,0
10/11/23 1:45,19.282,0
10/11/23 2:00,18.996,0
10/11/23 2:15,18.901,0
10/11/23 2:30,18.806,0
10/11/23 2:45,18.901,0
10/11/23 3:00,19.187,0
10/11/23 3:15,19.377,0
10/11/23 3:30,19.377,0
10/11/23 3:45,19.377,0
10/11/23 4:00,19.282,0
10/11/23 4:15,19.282,0
10/11/23 4:30,19.092,0
10/11/23 4:45,18.901,0
10/11/23 5:00,18.616,0
10/11/23 5:15,18.331,0
10/11/23 5:30,18.14,0
10/11/23 5:45,17.95,0
10/11/23 6:00,17.855,0
10/11/23 6:15,17.76,0
10/11/23 6:30,17.76,0
10/11/23 6:45,17.76,0
10/11/23 7:00,17.76,0
10/11/23 7:15,17.855,0
10/11/23 7:30,17.76,0
10/11/23 7:45,17.76,0
10/11/23 8:00,17.76,43.1
10/11/23 8:15,17.76,107.6
10/11/23 8:30,17.665,279.9
10/11/23 8:45,17.76,452.1
10/11/23 9:00,17.95,796.5
10/11/23 9:15,18.331,1011.8
10/11/23 9:30,18.616,936.5
10/11/23 9:45,18.996,1065.6
10/11/23 10:00,19.282,947.2
10/11/23 10:15,19.662,1065.6
10/11/23 10:30,19.758,1141
10/11/23 10:45,19.948,1054.9
10/11/23 11:00,20.043,1130.2
10/11/23 11:15,20.138,1054.9
10/11/23 11:30,20.234,1259.4
10/11/23 11:45,20.329,1162.5
10/11/23 12:00,20.329,785.8
10/11/23 12:15,20.424,1291.7
10/11/23 12:30,20.615,1463.9
10/11/23 12:45,20.805,1636.1
10/11/23 13:00,20.901,775
10/11/23 13:15,20.71,871.9
10/11/23 13:30,20.901,1044.1
10/11/23 13:45,20.996,1345.5
10/11/23 14:00,21.282,1356.3
10/11/23 14:15,21.091,1076.4
10/11/23 14:30,20.996,1356.3
10/11/23 14:45,21.091,1237.9
10/11/23 15:00,21.091,1151.7
10/11/23 15:15,20.901,764.2
10/11/23 15:30,20.71,549
10/11/23 15:45,20.519,484.4
10/11/23 16:00,20.329,355.2
10/11/23 16:15,20.138,226
10/11/23 16:30,19.948,172.2
10/11/23 16:45,19.472,269.1
10/11/23 17:00,18.616,183
10/11/23 17:15,18.426,129.2
10/11/23 17:30,18.14,129.2
10/11/23 17:45,18.14,64.6
10/11/23 18:00,18.14,43.1
10/11/23 18:15,18.045,43.1
10/11/23 18:30,18.045,21.5
10/11/23 18:45,18.045,10.8
10/11/23 19:00,17.95,0
10/11/23 19:15,17.95,0
10/11/23 19:30,17.855,0
10/11/23 19:45,17.665,0
10/11/23 20:00,17.665,0
10/11/23 20:15,17.475,0
10/11/23 20:30,16.999,0
10/11/23 20:45,16.618,0
10/11/23 21:00,16.523,0
10/11/23 21:15,16.332,0
10/11/23 21:30,16.141,0
10/11/23 21:45,16.046,0
10/11/23 22:00,15.951,0
10/11/23 22:15,15.951,0
10/11/23 22:30,15.855,0
10/11/23 22:45,15.855,0
10/11/23 23:00,15.855,0
10/11/23 23:15,15.951,0
10/11/23 23:30,16.046,0
10/11/23 23:45,16.141,0
10/12/23 0:00,16.141,0
10/12/23 0:15,16.046,0
10/12/23 0:30,15.76,0
10/12/23 0:45,15.473,0
10/12/23 1:00,15.282,0
10/12/23 1:15,15.091,0
10/12/23 1:30,14.996,0
10/12/23 1:45,14.9,0
10/12/23 2:00,14.804,0
10/12/23 2:15,14.709,0
10/12/23 2:30,14.709,0
10/12/23 2:45,14.804,0
10/12/23 3:00,14.709,0
10/12/23 3:15,14.613,0
10/12/23 3:30,14.613,0
10/12/23 3:45,14.517,0
10/12/23 4:00,14.613,0
10/12/23 4:15,14.613,0
10/12/23 4:30,14.613,0
10/12/23 4:45,14.613,0
10/12/23 5:00,14.613,0
10/12/23 5:15,14.517,0
10/12/23 5:30,14.421,0
10/12/23 5:45,14.421,0
10/12/23 6:00,14.421,0
10/12/23 6:15,14.517,0
10/12/23 6:30,14.421,0
10/12/23 6:45,14.421,0
10/12/23 7:00,14.517,0
10/12/23 7:15,14.517,0
10/12/23 7:30,14.421,0
10/12/23 7:45,14.421,0
10/12/23 8:00,14.517,21.5
10/12/23 8:15,14.517,43.1
10/12/23 8:30,14.517,96.9
10/12/23 8:45,14.517,86.1
10/12/23 9:00,14.517,269.1
10/12/23 9:15,14.517,193.8
10/12/23 9:30,14.517,172.2
10/12/23 9:45,14.517,312.2
10/12/23 10:00,14.517,269.1
10/12/23 10:15,14.613,183
10/12/23 10:30,14.709,269.1
10/12/23 10:45,14.709,322.9
10/12/23 11:00,14.9,871.9
10/12/23 11:15,15.091,764.2
10/12/23 11:30,15.187,1022.6
10/12/23 11:45,15.282,1076.4
10/12/23 12:00,15.473,1248.6
10/12/23 12:15,15.664,1722.2
10/12/23 12:30,15.951,1808.3
10/12/23 12:45,15.951,1722.2
10/12/23 13:00,16.427,2325
10/12/23 13:15,16.903,2583.4
10/12/23 13:30,17.094,3616.7
10/12/23 13:45,17.189,1722.2
10/12/23 14:00,17.189,3272.2
10/12/23 14:15,17.57,3444.5
10/12/23 14:30,17.95,2411.1
10/12/23 14:45,18.045,2927.8
10/12/23 15:00,18.14,2497.2
10/12/23 15:15,18.14,1980.6
10/12/23 15:30,18.045,2152.8
10/12/23 15:45,18.236,2238.9
10/12/23 16:00,18.331,979.5
10/12/23 16:15,17.665,613.5
10/12/23 16:30,17.475,527.4
10/12/23 16:45,17.475,527.4
10/12/23 17:00,17.284,290.6
10/12/23 17:15,17.189,409
10/12/23 17:30,17.189,290.6
10/12/23 17:45,17.094,333.7
10/12/23 18:00,17.094,549
10/12/23 18:15,17.189,570.5
10/12/23 18:30,17.094,355.2
10/12/23 18:45,16.999,107.6
10/12/23 19:00,16.903,32.3
10/12/23 19:15,16.713,0
10/12/23 19:30,16.713,0
10/12/23 19:45,16.713,0
10/12/23 20:00,16.618,0
10/12/23 20:15,16.523,0
10/12/23 20:30,16.523,0
10/12/23 20:45,16.523,0
10/12/23 21:00,16.618,0
10/12/23 21:15,16.618,0
10/12/23 21:30,16.618,0
10/12/23 21:45,16.618,0
10/12/23 22:00,16.618,0
10/12/23 22:15,16.523,0
10/12/23 22:30,16.523,0
10/12/23 22:45,16.427,0
10/12/23 23:00,16.427,0
10/12/23 23:15,16.427,0
10/12/23 23:30,16.332,0
10/12/23 23:45,16.427,0
10/13/23 0:00,16.523,0
10/13/23 0:15,16.427,0
10/13/23 0:30,16.523,0
10/13/23 0:45,16.523,0
10/13/23 1:00,16.427,0
10/13/23 1:15,16.332,0
10/13/23 1:30,16.237,0
10/13/23 1:45,16.141,0
10/13/23 2:00,16.046,0
10/13/23 2:15,16.046,0
10/13/23 2:30,16.046,0
10/13/23 2:45,16.046,0
10/13/23 3:00,16.046,0
10/13/23 3:15,16.046,0
10/13/23 3:30,16.046,0
10/13/23 3:45,16.046,0
10/13/23 4:00,16.046,0
10/13/23 4:15,16.046,0
10/13/23 4:30,15.951,0
10/13/23 4:45,15.855,0
10/13/23 5:00,15.855,0
10/13/23 5:15,15.855,0
10/13/23 5:30,15.855,0
10/13/23 5:45,15.855,0
10/13/23 6:00,15.855,0
10/13/23 6:15,15.76,0
10/13/23 6:30,15.76,0
10/13/23 6:45,15.855,0
10/13/23 7:00,15.855,0
10/13/23 7:15,15.855,0
10/13/23 7:30,15.855,0
10/13/23 7:45,15.855,10.8
10/13/23 8:00,15.855,118.4
10/13/23 8:15,15.855,322.9
10/13/23 8:30,15.951,344.4
10/13/23 8:45,15.951,452.1
10/13/23 9:00,16.046,592
10/13/23 9:15,16.237,592
10/13/23 9:30,16.427,904.2
10/13/23 9:45,16.713,1377.8
10/13/23 10:00,17.094,1227.1
10/13/23 10:15,17.094,1334.7
10/13/23 10:30,17.379,1808.3
10/13/23 10:45,17.76,1894.5
10/13/23 11:00,18.236,2152.8
10/13/23 11:15,18.331,2238.9
10/13/23 11:30,18.331,1636.1
10/13/23 11:45,18.236,1280.9
10/13/23 12:00,18.14,1550
10/13/23 12:15,18.426,1550
10/13/23 12:30,18.521,2238.9
10/13/23 12:45,18.616,1463.9
10/13/23 13:00,18.711,1980.6
10/13/23 13:15,18.521,1324
10/13/23 13:30,18.331,1216.3
10/13/23 13:45,18.14,1324
10/13/23 14:00,18.616,2238.9
10/13/23 14:15,18.996,2325
10/13/23 14:30,18.996,2497.2
10/13/23 14:45,19.187,1980.6
10/13/23 15:00,19.472,2497.2
10/13/23 15:15,19.567,1980.6
10/13/23 15:30,19.377,1808.3
10/13/23 15:45,19.282,1022.6
10/13/23 16:00,19.187,1065.6
10/13/23 16:15,19.092,1205.6
10/13/23 16:30,19.092,764.2
10/13/23 16:45,19.187,1044.1
10/13/23 17:00,18.996,742.7
10/13/23 17:15,18.806,592
10/13/23 17:30,18.711,559.7
10/13/23 17:45,18.426,452.1
10/13/23 18:00,18.331,236.8
10/13/23 18:15,18.14,312.2
10/13/23 18:30,17.95,107.6
10/13/23 18:45,17.855,64.6
10/13/23 19:00,17.855,10.8
10/13/23 19:15,17.76,0
10/13/23 19:30,17.57,0
10/13/23 19:45,17.475,0
10/13/23 20:00,17.379,0
10/13/23 20:15,17.379,0
10/13/23 20:30,17.284,0
10/13/23 20:45,17.284,0
10/13/23 21:00,17.284,0
10/13/23 21:15,17.284,0
10/13/23 21:30,17.284,0
10/13/23 21:45,17.284,0
10/13/23 22:00,17.284,0
10/13/23 22:15,17.189,0
10/13/23 22:30,17.094,0
10/13/23 22:45,16.999,0
10/13/23 23:00,17.094,0
10/13/23 23:15,17.094,0
10/13/23 23:30,17.094,0
10/13/23 23:45,17.094,0
10/14/23 0:00,17.094,0
10/14/23 0:15,17.094,0
10/14/23 0:30,17.094,0
10/14/23 0:45,17.094,0
10/14/23 1:00,16.999,0
10/14/23 1:15,17.094,0
10/14/23 1:30,17.094,0
10/14/23 1:45,17.094,0
10/14/23 2:00,17.189,0
10/14/23 2:15,17.094,0
10/14/23 2:30,17.189,0
10/14/23 2:45,17.189,0
10/14/23 3:00,17.094,0
10/14/23 3:15,17.189,0
10/14/23 3:30,17.094,0
10/14/23 3:45,17.189,0
10/14/23 4:00,17.189,0
10/14/23 4:15,17.189,0
10/14/23 4:30,17.189,0
10/14/23 4:45,17.094,0
10/14/23 5:00,17.189,0
10/14/23 5:15,17.189,0
10/14/23 5:30,17.189,0
10/14/23 5:45,17.189,0
10/14/23 6:00,17.189,0
10/14/23 6:15,17.189,0
10/14/23 6:30,17.189,0
10/14/23 6:45,17.189,0
10/14/23 7:00,17.189,0
10/14/23 7:15,17.189,0
10/14/23 7:30,17.189,0
10/14/23 7:45,17.189,0
10/14/23 8:00,17.189,75.3
10/14/23 8:15,17.284,75.3
10/14/23 8:30,17.284,215.3
10/14/23 8:45,17.379,150.7
10/14/23 9:00,17.57,269.1
10/14/23 9:15,17.475,247.6
10/14/23 9:30,17.57,366
10/14/23 9:45,17.76,958
10/14/23 10:00,17.95,441.3
10/14/23 10:15,17.95,613.5
10/14/23 10:30,17.95,882.6
10/14/23 10:45,18.14,613.5
10/14/23 11:00,18.14,893.4
10/14/23 11:15,18.616,1227.1
10/14/23 11:30,19.092,2583.4
10/14/23 11:45,19.282,2497.2
10/14/23 12:00,19.377,2927.8
10/14/23 12:15,19.567,1808.3
10/14/23 12:30,19.472,2152.8
10/14/23 12:45,18.996,871.9
10/14/23 13:00,18.806,807.3
10/14/23 13:15,18.901,1076.4
10/14/23 13:30,18.901,602.8
10/14/23 13:45,18.616,656.6
10/14/23 14:00,18.806,1001
10/14/23 14:15,19.092,1280.9
10/14/23 14:30,19.377,1980.6
10/14/23 14:45,19.662,1033.3
10/14/23 15:00,19.758,1636.1
10/14/23 15:15,19.567,1367
10/14/23 15:30,19.758,1130.2
10/14/23 15:45,20.043,2497.2
10/14/23 16:00,20.424,1808.3
10/14/23 16:15,20.71,839.6
10/14/23 16:30,20.996,1205.6
10/14/23 16:45,20.329,1377.8
10/14/23 17:00,20.043,1011.8
10/14/23 17:15,19.948,839.6
10/14/23 17:30,20.615,914.9
10/14/23 17:45,20.805,1011.8
10/14/23 18:00,20.996,1119.5
10/14/23 18:15,20.519,602.8
10/14/23 18:30,20.329,387.5
10/14/23 18:45,19.662,150.7
10/14/23 19:00,19.092,32.3
10/14/23 19:15,18.521,0
10/14/23 19:30,18.331,0
10/14/23 19:45,17.95,0
10/14/23 20:00,17.855,0
10/14/23 20:15,17.57,0
10/14/23 20:30,17.379,0
10/14/23 20:45,17.284,0
10/14/23 21:00,17.284,0
10/14/23 21:15,17.094,0
10/14/23 21:30,16.903,0
10/14/23 21:45,16.713,0
10/14/23 22:00,16.618,0
10/14/23 22:15,16.332,0
10/14/23 22:30,16.141,0
10/14/23 22:45,15.951,0
10/14/23 23:00,15.855,0
10/14/23 23:15,15.664,0
10/14/23 23:30,15.473,0
10/14/23 23:45,15.378,0
10/15/23 0:00,15.473,0
10/15/23 0:15,15.473,0
10/15/23 0:30,15.569,0
10/15/23 0:45,15.473,0
10/15/23 1:00,15.473,0
10/15/23 1:15,15.378,0
10/15/23 1:30,15.091,0
10/15/23 1:45,14.9,0
10/15/23 2:00,14.709,0
10/15/23 2:15,14.517,0
10/15/23 2:30,14.325,0
10/15/23 2:45,14.325,0
10/15/23 3:00,14.421,0
10/15/23 3:15,14.517,0
10/15/23 3:30,14.613,0
10/15/23 3:45,14.613,0
10/15/23 4:00,14.613,0
10/15/23 4:15,14.517,0
10/15/23 4:30,14.421,0
10/15/23 4:45,14.421,0
10/15/23 5:00,14.134,0
10/15/23 5:15,13.846,0
10/15/23 5:30,13.654,0
10/15/23 5:45,13.461,0
10/15/23 6:00,13.269,0
10/15/23 6:15,13.173,0
10/15/23 6:30,13.173,0
10/15/23 6:45,13.076,0
10/15/23 7:00,12.98,0
10/15/23 7:15,12.98,0
10/15/23 7:30,12.883,0
10/15/23 7:45,12.883,43.1
10/15/23 8:00,13.076,236.8
10/15/23 8:15,13.269,430.6
10/15/23 8:30,13.365,258.3
10/15/23 8:45,13.558,581.3
10/15/23 9:00,13.846,592
10/15/23 9:15,14.038,828.8
10/15/23 9:30,14.23,775
10/15/23 9:45,14.517,645.8
10/15/23 10:00,14.613,1280.9
10/15/23 10:15,15.187,1463.9
10/15/23 10:30,15.378,1377.8
10/15/23 10:45,15.473,1636.1
10/15/23 11:00,15.76,1722.2
10/15/23 11:15,15.951,1636.1
10/15/23 11:30,15.855,1722.2
10/15/23 11:45,16.046,1550
10/15/23 12:00,16.618,2152.8
10/15/23 12:15,16.427,1227.1
10/15/23 12:30,16.046,710.4
10/15/23 12:45,16.046,1345.5
10/15/23 13:00,16.713,2066.7
10/15/23 13:15,16.999,3272.2
10/15/23 13:30,16.618,710.4
10/15/23 13:45,16.141,570.5
10/15/23 14:00,15.951,538.2
10/15/23 14:15,15.855,484.4
10/15/23 14:30,15.76,312.2
10/15/23 14:45,15.569,355.2
10/15/23 15:00,15.76,764.2
10/15/23 15:15,15.569,398.3
10/15/23 15:30,15.378,516.7
10/15/23 15:45,15.282,721.2
10/15/23 16:00,15.282,581.3
10/15/23 16:15,15.187,581.3
10/15/23 16:30,15.091,656.6
10/15/23 16:45,14.9,624.3
10/15/23 17:00,14.996,850.4
10/15/23 17:15,15.091,721.2
10/15/23 17:30,14.804,247.6
10/15/23 17:45,14.613,247.6
10/15/23 18:00,14.421,366
10/15/23 18:15,14.421,366
10/15/23 18:30,14.23,107.6
10/15/23 18:45,14.038,43.1
10/15/23 19:00,13.846,10.8
10/15/23 19:15,13.654,0
10/15/23 19:30,13.461,0
10/15/23 19:45,13.269,0
10/15/23 20:00,12.98,0
10/15/23 20:15,12.787,0
10/15/23 20:30,12.69,0
10/15/23 20:45,12.594,0
10/15/23 21:00,12.497,0
10/15/23 21:15,12.497,0
10/15/23 21:30,12.497,0
10/15/23 21:45,12.401,0
10/15/23 22:00,12.207,0
10/15/23 22:15,12.11,0
10/15/23 22:30,11.916,0
10/15/23 22:45,11.722,0
10/15/23 23:00,11.625,0
10/15/23 23:15,11.431,0
10/15/23 23:30,11.236,0
10/15/23 23:45,11.041,0
10/16/23 0:00,10.846,0
10/16/23 0:15,10.748,0
10/16/23 0:30,10.651,0
10/16/23 0:45,10.553,0
10/16/23 1:00,10.553,0
10/16/23 1:15,10.455,0
10/16/23 1:30,10.357,0
10/16/23 1:45,10.259,0
10/16/23 2:00,10.161,0
10/16/23 2:15,10.063,0
10/16/23 2:30,9.965,0
10/16/23 2:45,9.866,0
10/16/23 3:00,9.669,0
10/16/23 3:15,9.571,0
10/16/23 3:30,9.571,0
10/16/23 3:45,9.373,0
10/16/23 4:00,9.275,0
10/16/23 4:15,9.275,0
10/16/23 4:30,9.176,0
10/16/23 4:45,9.077,0
10/16/23 5:00,8.978,0
10/16/23 5:15,8.978,0
10/16/23 5:30,8.879,0
10/16/23 5:45,8.779,0
10/16/23 6:00,8.779,0
10/16/23 6:15,8.68,0
10/16/23 6:30,8.581,0
10/16/23 6:45,8.481,0
10/16/23 7:00,8.382,0
10/16/23 7:15,8.382,0
10/16/23 7:30,8.282,0
10/16/23 7:45,8.182,21.5
10/16/23 8:00,8.182,118.4
10/16/23 8:15,8.282,215.3
10/16/23 8:30,8.382,269.1
10/16/23 8:45,8.581,366
10/16/23 9:00,8.779,430.6
10/16/23 9:15,9.077,538.2
10/16/23 9:30,9.472,645.8
10/16/23 9:45,9.768,914.9
10/16/23 10:00,10.455,2755.6
10/16/23 10:15,10.944,1722.2
10/16/23 10:30,11.334,2152.8
10/16/23 10:45,11.819,2927.8
10/16/23 11:00,12.69,5166.7
10/16/23 11:15,12.98,3616.7
10/16/23 11:30,13.173,1194.8
10/16/23 11:45,13.173,3100
10/16/23 12:00,13.942,2669.5
10/16/23 12:15,14.23,1636.1
10/16/23 12:30,13.846,1356.3
10/16/23 12:45,14.038,3272.2
10/16/23 13:00,14.517,3444.5
10/16/23 13:15,14.517,2325
10/16/23 13:30,14.804,2669.5
10/16/23 13:45,14.804,2497.2
10/16/23 14:00,14.9,2755.6
10/16/23 14:15,14.517,624.3
10/16/23 14:30,14.23,1808.3
10/16/23 14:45,13.75,355.2
10/16/23 15:00,13.269,1377.8
10/16/23 15:15,13.846,904.2
10/16/23 15:30,14.517,2583.4
10/16/23 15:45,14.709,1980.6
10/16/23 16:00,14.325,1463.9
10/16/23 16:15,14.134,925.7
10/16/23 16:30,13.654,1194.8
10/16/23 16:45,13.558,1151.7
10/16/23 17:00,13.654,947.2
10/16/23 17:15,13.365,301.4
10/16/23 17:30,13.365,742.7
10/16/23 17:45,13.269,635.1
10/16/23 18:00,13.076,355.2
10/16/23 18:15,12.883,215.3
10/16/23 18:30,12.594,161.5
10/16/23 18:45,12.497,118.4
10/16/23 19:00,12.401,0
10/16/23 19:15,12.207,0
10/16/23 19:30,12.11,0
10/16/23 19:45,12.013,0
10/16/23 20:00,11.916,0
10/16/23 20:15,11.625,0
10/16/23 20:30,11.334,0
10/16/23 20:45,11.139,0
10/16/23 21:00,11.041,0
10/16/23 21:15,10.846,0
10/16/23 21:30,10.651,0
10/16/23 21:45,10.553,0
10/16/23 22:00,10.455,0
10/16/23 22:15,10.357,0
10/16/23 22:30,10.259,0
10/16/23 22:45,10.063,0
10/16/23 23:00,10.063,0
10/16/23 23:15,9.866,0
10/16/23 23:30,9.866,0
10/16/23 23:45,9.768,0
10/17/23 0:00,9.768,0
10/17/23 0:15,9.571,0
10/17/23 0:30,9.472,0
10/17/23 0:45,9.373,0
10/17/23 1:00,9.275,0
10/17/23 1:15,9.176,0
10/17/23 1:30,9.077,0
10/17/23 1:45,9.077,0
10/17/23 2:00,8.978,0
10/17/23 2:15,8.978,0
10/17/23 2:30,8.879,0
10/17/23 2:45,8.779,0
10/17/23 3:00,8.779,0
10/17/23 3:15,8.68,0
10/17/23 3:30,8.581,0
10/17/23 3:45,8.481,0
10/17/23 4:00,8.481,0
10/17/23 4:15,8.382,0
10/17/23 4:30,8.382,0
10/17/23 4:45,8.282,0
10/17/23 5:00,8.182,0
10/17/23 5:15,8.182,0
10/17/23 5:30,8.082,0
10/17/23 5:45,7.983,0
10/17/23 6:00,7.983,0
10/17/23 6:15,7.983,0
10/17/23 6:30,7.983,0
10/17/23 6:45,7.983,0
10/17/23 7:00,7.983,0
10/17/23 7:15,7.882,0
10/17/23 7:30,7.882,0
10/17/23 7:45,7.882,21.5
10/17/23 8:00,7.882,96.9
10/17/23 8:15,7.983,161.5
10/17/23 8:30,8.182,226
10/17/23 8:45,8.382,279.9
10/17/23 9:00,8.68,355.2
10/17/23 9:15,8.879,441.3
10/17/23 9:30,9.176,495.1
10/17/23 9:45,9.472,775
10/17/23 10:00,10.259,1980.6
10/17/23 10:15,11.236,1636.1
10/17/23 10:30,11.722,2152.8
10/17/23 10:45,12.69,4133.4
10/17/23 11:00,13.846,4305.6
10/17/23 11:15,14.325,3272.2
10/17/23 11:30,14.23,1808.3
10/17/23 11:45,14.613,1722.2
10/17/23 12:00,14.709,1894.5
10/17/23 12:15,14.9,1980.6
10/17/23 12:30,14.804,1130.2
10/17/23 12:45,14.517,968.8
10/17/23 13:00,14.613,1302.4
10/17/23 13:15,14.709,979.5
10/17/23 13:30,14.804,1033.3
10/17/23 13:45,14.9,914.9
10/17/23 14:00,15.091,968.8
10/17/23 14:15,15.282,1550
10/17/23 14:30,15.569,1216.3
10/17/23 14:45,15.76,1377.8
10/17/23 15:00,16.046,2066.7
10/17/23 15:15,16.237,1377.8
10/17/23 15:30,16.618,2669.5
10/17/23 15:45,16.999,2238.9
10/17/23 16:00,17.094,1722.2
10/17/23 16:15,16.999,1334.7
10/17/23 16:30,16.808,1033.3
10/17/23 16:45,16.713,947.2
10/17/23 17:00,16.523,785.8
10/17/23 17:15,16.523,775
10/17/23 17:30,16.523,1001
10/17/23 17:45,16.618,818.1
10/17/23 18:00,16.427,688.9
10/17/23 18:15,16.237,527.4
10/17/23 18:30,15.76,247.6
10/17/23 18:45,15.282,75.3
10/17/23 19:00,14.9,32.3
10/17/23 19:15,14.325,0
10/17/23 19:30,14.038,0
10/17/23 19:45,13.75,0
10/17/23 20:00,13.461,0
10/17/23 20:15,13.269,0
10/17/23 20:30,13.076,0
10/17/23 20:45,12.787,0
10/17/23 21:00,12.594,0
10/17/23 21:15,12.497,0
10/17/23 21:30,12.304,0
10/17/23 21:45,12.11,0
10/17/23 22:00,11.819,0
10/17/23 22:15,11.625,0
10/17/23 22:30,11.528,0
10/17/23 22:45,11.431,0
10/17/23 23:00,11.236,0
10/17/23 23:15,11.139,0
10/17/23 23:30,11.041,0
10/17/23 23:45,10.944,0
10/18/23 0:00,10.846,0
10/18/23 0:15,10.846,0
10/18/23 0:30,10.748,0
10/18/23 0:45,10.455,0
10/18/23 1:00,10.357,0
10/18/23 1:15,10.357,0
10/18/23 1:30,10.259,0
10/18/23 1:45,10.063,0
10/18/23 2:00,9.866,0
10/18/23 2:15,9.669,0
10/18/23 2:30,9.669,0
10/18/23 2:45,9.472,0
10/18/23 3:00,9.373,0
10/18/23 3:15,9.176,0
10/18/23 3:30,9.176,0
10/18/23 3:45,9.077,0
10/18/23 4:00,8.978,0
10/18/23 4:15,8.779,0
10/18/23 4:30,8.779,0
10/18/23 4:45,8.68,0
10/18/23 5:00,8.68,0
10/18/23 5:15,8.581,0
10/18/23 5:30,8.481,0
10/18/23 5:45,8.382,0
10/18/23 6:00,8.182,0
10/18/23 6:15,8.082,0
10/18/23 6:30,8.082,0
10/18/23 6:45,8.082,0
10/18/23 7:00,8.082,0
10/18/23 7:15,8.082,0
10/18/23 7:30,8.082,0
10/18/23 7:45,7.983,10.8
10/18/23 8:00,7.983,96.9
10/18/23 8:15,8.082,172.2
10/18/23 8:30,8.282,236.8
10/18/23 8:45,8.68,301.4
10/18/23 9:00,9.176,376.7
10/18/23 9:15,9.571,462.9
10/18/23 9:30,10.161,527.4
10/18/23 9:45,10.651,828.8
10/18/23 10:00,11.625,2238.9
10/18/23 10:15,12.98,1894.5
10/18/23 10:30,13.942,2755.6
10/18/23 10:45,15.282,4994.5
10/18/23 11:00,16.332,4477.8
10/18/23 11:15,16.903,3100
10/18/23 11:30,16.999,1808.3
10/18/23 11:45,17.094,1722.2
10/18/23 12:00,17.094,1980.6
10/18/23 12:15,17.094,2066.7
10/18/23 12:30,17.284,1377.8
10/18/23 12:45,17.094,1194.8
10/18/23 13:00,16.808,1894.5
10/18/23 13:15,17.665,2325
10/18/23 13:30,17.76,710.4
10/18/23 13:45,17.379,1463.9
10/18/23 14:00,17.76,1302.4
10/18/23 14:15,17.855,1463.9
10/18/23 14:30,17.855,1162.5
10/18/23 14:45,17.95,2152.8
10/18/23 15:00,18.045,613.5
10/18/23 15:15,18.331,1808.3
10/18/23 15:30,18.711,2755.6
10/18/23 15:45,19.472,3444.5
10/18/23 16:00,19.758,2066.7
10/18/23 16:15,19.377,1550
10/18/23 16:30,19.282,1377.8
10/18/23 16:45,18.996,1022.6
10/18/23 17:00,18.616,495.1
10/18/23 17:15,18.14,764.2
10/18/23 17:30,18.045,656.6
10/18/23 17:45,17.95,807.3
10/18/23 18:00,17.855,656.6
10/18/23 18:15,17.665,355.2
10/18/23 18:30,17.475,226
10/18/23 18:45,17.189,64.6
10/18/23 19:00,16.713,10.8
10/18/23 19:15,16.332,0
10/18/23 19:30,16.046,0
10/18/23 19:45,15.76,0
10/18/23 20:00,15.473,0
10/18/23 20:15,15.282,0
10/18/23 20:30,15.091,0
10/18/23 20:45,14.9,0
10/18/23 21:00,14.709,0
10/18/23 21:15,14.421,0
10/18/23 21:30,14.134,0
10/18/23 21:45,13.942,0
10/18/23 22:00,13.75,0
10/18/23 22:15,13.654,0
10/18/23 22:30,13.461,0
10/18/23 22:45,13.269,0
10/18/23 23:00,13.173,0
10/18/23 23:15,13.076,0
10/18/23 23:30,12.98,0
10/18/23 23:45,12.883,0
10/19/23 0:00,12.69,0
10/19/23 0:15,12.594,0
10/19/23 0:30,12.594,0
10/19/23 0:45,12.69,0
10/19/23 1:00,12.69,0
10/19/23 1:15,12.69,0
10/19/23 1:30,12.594,0
10/19/23 1:45,12.497,0
10/19/23 2:00,12.401,0
10/19/23 2:15,12.304,0
10/19/23 2:30,12.207,0
10/19/23 2:45,12.11,0
10/19/23 3:00,11.916,0
10/19/23 3:15,11.722,0
10/19/23 3:30,11.431,0
10/19/23 3:45,11.334,0
10/19/23 4:00,11.139,0
10/19/23 4:15,11.041,0
10/19/23 4:30,10.748,0
10/19/23 4:45,10.651,0
10/19/23 5:00,10.553,0
10/19/23 5:15,10.455,0
10/19/23 5:30,10.357,0
10/19/23 5:45,10.357,0
10/19/23 6:00,10.259,0
10/19/23 6:15,10.259,0
10/19/23 6:30,10.161,0
10/19/23 6:45,10.161,0
10/19/23 7:00,9.965,0
10/19/23 7:15,9.965,0
10/19/23 7:30,10.357,0
10/19/23 7:45,10.651,10.8
10/19/23 8:00,10.846,96.9
10/19/23 8:15,10.944,161.5
10/19/23 8:30,11.139,398.3
10/19/23 8:45,11.625,462.9
10/19/23 9:00,12.013,495.1
10/19/23 9:15,12.497,678.1
10/19/23 9:30,12.787,527.4
10/19/23 9:45,12.98,1022.6
10/19/23 10:00,13.846,1463.9
10/19/23 10:15,14.996,1808.3
10/19/23 10:30,15.664,1550
10/19/23 10:45,15.76,1636.1
10/19/23 11:00,16.046,1463.9
10/19/23 11:15,16.808,1463.9
10/19/23 11:30,16.808,1463.9
10/19/23 11:45,17.189,1808.3
10/19/23 12:00,18.045,1550
10/19/23 12:15,18.616,1980.6
10/19/23 12:30,18.806,1108.7
10/19/23 12:45,18.806,1054.9
10/19/23 13:00,19.187,2927.8
10/19/23 13:15,19.377,1636.1
10/19/23 13:30,19.758,1980.6
10/19/23 13:45,20.329,2238.9
10/19/23 14:00,20.424,1980.6
10/19/23 14:15,20.329,1808.3
10/19/23 14:30,19.948,1334.7
10/19/23 14:45,20.424,2152.8
10/19/23 15:00,20.519,1463.9
10/19/23 15:15,20.424,2755.6
10/19/23 15:30,20.615,1377.8
10/19/23 15:45,20.138,1808.3
10/19/23 16:00,20.234,753.5
10/19/23 16:15,19.758,1119.5
10/19/23 16:30,19.948,1054.9
10/19/23 16:45,19.853,1141
10/19/23 17:00,19.662,656.6
10/19/23 17:15,19.187,376.7
10/19/23 17:30,18.996,495.1
10/19/23 17:45,18.806,312.2
10/19/23 18:00,18.711,452.1
10/19/23 18:15,18.711,495.1
10/19/23 18:30,18.521,118.4
10/19/23 18:45,18.331,183
10/19/23 19:00,18.14,86.1
10/19/23 19:15,17.95,0
10/19/23 19:30,17.665,0
10/19/23 19:45,17.284,0
10/19/23 20:00,17.284,0
10/19/23 20:15,16.903,0
10/19/23 20:30,16.713,0
10/19/23 20:45,16.427,0
10/19/23 21:00,16.046,0
10/19/23 21:15,15.855,0
10/19/23 21:30,15.569,0
10/19/23 21:45,15.378,0
10/19/23 22:00,15.091,0
10/19/23 22:15,14.9,0
10/19/23 22:30,14.709,0
10/19/23 22:45,14.517,0
10/19/23 23:00,14.325,0
10/19/23 23:15,14.23,0
10/19/23 23:30,14.038,0
10/19/23 23:45,13.846,0
10/20/23 0:00,13.846,0
10/20/23 0:15,13.846,0
10/20/23 0:30,13.75,0
10/20/23 0:45,13.654,0
10/20/23 1:00,13.558,0
10/20/23 1:15,13.654,0
10/20/23 1:30,13.654,0
10/20/23 1:45,13.654,0
10/20/23 2:00,13.75,0
10/20/23 2:15,13.75,0
10/20/23 2:30,13.75,0
10/20/23 2:45,13.846,0
10/20/23 3:00,13.846,0
10/20/23 3:15,13.846,0
10/20/23 3:30,13.75,0
10/20/23 3:45,13.75,0
10/20/23 4:00,13.75,0
10/20/23 4:15,13.75,0
10/20/23 4:30,14.134,0
10/20/23 4:45,14.421,0
10/20/23 5:00,14.804,0
10/20/23 5:15,14.9,0
10/20/23 5:30,15.091,0
10/20/23 5:45,15.187,0
10/20/23 6:00,15.187,0
10/20/23 6:15,15.378,0
10/20/23 6:30,14.709,0
10/20/23 6:45,14.517,0
10/20/23 7:00,14.325,0
10/20/23 7:15,14.038,0
10/20/23 7:30,13.942,0
10/20/23 7:45,14.038,0
10/20/23 8:00,14.038,10.8
10/20/23 8:15,14.23,86.1
10/20/23 8:30,14.325,258.3
10/20/23 8:45,14.613,150.7
10/20/23 9:00,14.9,376.7
10/20/23 9:15,15.187,818.1
10/20/23 9:30,15.378,882.6
10/20/23 9:45,15.569,1119.5
10/20/23 10:00,15.855,1033.3
10/20/23 10:15,15.855,1636.1
10/20/23 10:30,15.855,1205.6
10/20/23 10:45,16.332,2152.8
10/20/23 11:00,16.523,1001
10/20/23 11:15,16.523,1636.1
10/20/23 11:30,16.903,1377.8
10/20/23 11:45,17.475,2927.8
10/20/23 12:00,17.475,1270.1
10/20/23 12:15,17.57,3444.5
10/20/23 12:30,17.57,1087.2
10/20/23 12:45,17.475,1173.3
10/20/23 13:00,17.855,1054.9
10/20/23 13:15,17.855,2497.2
10/20/23 13:30,18.045,1894.5
10/20/23 13:45,18.426,1377.8
10/20/23 14:00,18.901,2411.1
10/20/23 14:15,19.092,2152.8
10/20/23 14:30,18.901,1259.4
10/20/23 14:45,19.092,2066.7
10/20/23 15:00,19.472,2927.8
10/20/23 15:15,20.043,5166.7
10/20/23 15:30,20.805,5338.9
10/20/23 15:45,20.996,2325
10/20/23 16:00,21.091,2497.2
10/20/23 16:15,20.805,2066.7
10/20/23 16:30,20.901,1980.6
10/20/23 16:45,20.901,1894.5
10/20/23 17:00,20.805,1377.8
10/20/23 17:15,20.996,1722.2
10/20/23 17:30,20.805,979.5
10/20/23 17:45,20.329,215.3
10/20/23 18:00,20.138,226
10/20/23 18:15,19.853,430.6
10/20/23 18:30,19.662,258.3
10/20/23 18:45,19.377,86.1
10/20/23 19:00,18.996,21.5
10/20/23 19:15,18.711,0
10/20/23 19:30,18.426,0
10/20/23 19:45,18.521,0
10/20/23 20:00,18.236,0
10/20/23 20:15,17.95,0
10/20/23 20:30,17.76,0
10/20/23 20:45,17.57,0
10/20/23 21:00,17.379,0
10/20/23 21:15,17.189,0
10/20/23 21:30,16.999,0
10/20/23 21:45,16.808,0
10/20/23 22:00,16.618,0
10/20/23 22:15,16.427,0
10/20/23 22:30,16.141,0
10/20/23 22:45,15.855,0
10/20/23 23:00,15.664,0
10/20/23 23:15,15.569,0
10/20/23 23:30,15.378,0
10/20/23 23:45,15.282,0
10/21/23 0:00,15.091,0
10/21/23 0:15,14.996,0
10/21/23 0:30,14.804,0
10/21/23 0:45,14.613,0
10/21/23 1:00,14.421,0
10/21/23 1:15,14.23,0
10/21/23 1:30,14.134,0
10/21/23 1:45,14.038,0
10/21/23 2:00,13.846,0
10/21/23 2:15,13.654,0
10/21/23 2:30,13.461,0
10/21/23 2:45,13.269,0
10/21/23 3:00,13.076,0
10/21/23 3:15,12.883,0
10/21/23 3:30,12.787,0
10/21/23 3:45,12.69,0
10/21/23 4:00,12.497,0
10/21/23 4:15,12.401,0
10/21/23 4:30,12.304,0
10/21/23 4:45,12.11,0
10/21/23 5:00,12.013,0
10/21/23 5:15,11.819,0
10/21/23 5:30,11.722,0
10/21/23 5:45,11.722,0
10/21/23 6:00,11.625,0
10/21/23 6:15,11.528,0
10/21/23 6:30,11.431,0
10/21/23 6:45,11.431,0
10/21/23 7:00,11.334,0
10/21/23 7:15,11.334,0
10/21/23 7:30,11.334,0
10/21/23 7:45,11.431,21.5
10/21/23 8:00,11.334,129.2
10/21/23 8:15,11.334,226
10/21/23 8:30,11.431,312.2
10/21/23 8:45,11.625,398.3
10/21/23 9:00,11.819,484.4
10/21/23 9:15,12.304,592
10/21/23 9:30,12.69,667.4
10/21/23 9:45,13.076,861.1
10/21/23 10:00,13.654,2669.5
10/21/23 10:15,14.613,2755.6
10/21/23 10:30,15.855,5166.7
10/21/23 10:45,17.094,6200
10/21/23 11:00,17.95,5166.7
10/21/23 11:15,18.14,3788.9
10/21/23 11:30,18.14,2497.2
10/21/23 11:45,18.045,2497.2
10/21/23 12:00,17.855,1894.5
10/21/23 12:15,17.855,1980.6
10/21/23 12:30,17.76,1227.1
10/21/23 12:45,17.665,1173.3
10/21/23 13:00,17.855,1894.5
10/21/23 13:15,17.95,1367
10/21/23 13:30,18.331,1808.3
10/21/23 13:45,18.521,1108.7
10/21/23 14:00,18.616,1130.2
10/21/23 14:15,18.806,1345.5
10/21/23 14:30,19.092,1550
10/21/23 14:45,19.567,1980.6
10/21/23 15:00,19.948,1894.5
10/21/23 15:15,20.805,2411.1
10/21/23 15:30,21.378,3272.2
10/21/23 15:45,21.569,2411.1
10/21/23 16:00,21.76,2152.8
10/21/23 16:15,21.76,1894.5
10/21/23 16:30,21.76,1550
10/21/23 16:45,21.76,1377.8
10/21/23 17:00,21.76,1313.2
10/21/23 17:15,21.664,1151.7
10/21/23 17:30,21.378,1076.4
10/21/23 17:45,21.378,850.4
10/21/23 18:00,20.901,688.9
10/21/23 18:15,20.805,527.4
10/21/23 18:30,20.329,279.9
10/21/23 18:45,19.758,64.6
10/21/23 19:00,19.092,0
10/21/23 19:15,18.426,0
10/21/23 19:30,17.95,0
10/21/23 19:45,17.57,0
10/21/23 20:00,17.284,0
10/21/23 20:15,16.999,0
10/21/23 20:30,16.808,0
10/21/23 20:45,16.713,0
10/21/23 21:00,16.999,0
10/21/23 21:15,17.379,0
10/21/23 21:30,17.475,0
10/21/23 21:45,17.475,0
10/21/23 22:00,17.475,0
10/21/23 22:15,17.475,0
10/21/23 22:30,17.475,0
10/21/23 22:45,17.475,0
10/21/23 23:00,17.475,0
10/21/23 23:15,17.475,0
10/21/23 23:30,17.284,0
10/21/23 23:45,17.094,0
10/22/23 0:00,16.999,0
10/22/23 0:15,16.808,0
10/22/23 0:30,16.713,0
10/22/23 0:45,16.618,0
10/22/23 1:00,16.523,0
10/22/23 1:15,16.808,0
10/22/23 1:30,16.903,0
10/22/23 1:45,16.999,0
10/22/23 2:00,16.903,0
10/22/23 2:15,16.903,0
10/22/23 2:30,16.808,0
10/22/23 2:45,16.808,0
10/22/23 3:00,16.999,0
10/22/23 3:15,17.094,0
10/22/23 3:30,17.094,0
10/22/23 3:45,16.999,0
10/22/23 4:00,16.903,0
10/22/23 4:15,16.618,0
10/22/23 4:30,16.618,0
10/22/23 4:45,16.808,0
10/22/23 5:00,16.808,0
10/22/23 5:15,16.903,0
10/22/23 5:30,16.903,0
10/22/23 5:45,16.903,0
10/22/23 6:00,16.903,0
10/22/23 6:15,16.618,0
10/22/23 6:30,16.523,0
10/22/23 6:45,16.332,0
10/22/23 7:00,16.237,0
10/22/23 7:15,16.141,0
10/22/23 7:30,15.951,0
10/22/23 7:45,15.855,10.8
10/22/23 8:00,15.855,107.6
10/22/23 8:15,15.664,301.4
10/22/23 8:30,15.664,366
10/22/23 8:45,15.569,527.4
10/22/23 9:00,15.664,818.1
10/22/23 9:15,16.141,1270.1
10/22/23 9:30,16.427,1011.8
10/22/23 9:45,16.332,1184
10/22/23 10:00,16.618,2411.1
10/22/23 10:15,17.094,3100
10/22/23 10:30,18.14,4305.6
10/22/23 10:45,18.901,6200
10/22/23 11:00,19.567,5338.9
10/22/23 11:15,19.662,3272.2
10/22/23 11:30,19.662,2755.6
10/22/23 11:45,19.567,2927.8
10/22/23 12:00,19.662,2325
10/22/23 12:15,19.853,2325
10/22/23 12:30,19.853,1550
10/22/23 12:45,19.948,1550
10/22/23 13:00,20.234,2325
10/22/23 13:15,20.329,1636.1
10/22/23 13:30,20.329,1722.2
10/22/23 13:45,20.329,1162.5
10/22/23 14:00,20.329,1259.4
10/22/23 14:15,20.424,1216.3
10/22/23 14:30,20.71,1463.9
10/22/23 14:45,20.901,1550
10/22/23 15:00,21.282,1722.2
10/22/23 15:15,21.664,1980.6
10/22/23 15:30,22.333,3100
10/22/23 15:45,22.525,807.3
10/22/23 16:00,22.525,1808.3
10/22/23 16:15,22.621,2755.6
10/22/23 16:30,22.812,2152.8
10/22/23 16:45,22.621,1980.6
10/22/23 17:00,22.525,1377.8
10/22/23 17:15,22.142,1463.9
10/22/23 17:30,22.142,1377.8
10/22/23 17:45,21.664,904.2
10/22/23 18:00,20.996,710.4
10/22/23 18:15,20.234,258.3
10/22/23 18:30,19.567,193.8
10/22/23 18:45,19.187,53.8
10/22/23 19:00,18.711,0
10/22/23 19:15,18.331,0
10/22/23 19:30,17.95,0
10/22/23 19:45,17.475,0
10/22/23 20:00,16.999,0
10/22/23 20:15,16.618,0
10/22/23 20:30,16.141,0
10/22/23 20:45,15.951,0
10/22/23 21:00,15.951,0
10/22/23 21:15,15.951,0
10/22/23 21:30,15.855,0
10/22/23 21:45,15.855,0
10/22/23 22:00,15.76,0
10/22/23 22:15,15.664,0
10/22/23 22:30,15.473,0
10/22/23 22:45,15.187,0
10/22/23 23:00,15.091,0
10/22/23 23:15,14.9,0
10/22/23 23:30,14.709,0
10/22/23 23:45,14.517,0
10/23/23 0:00,14.325,0
10/23/23 0:15,14.038,0
10/23/23 0:30,13.75,0
10/23/23 0:45,13.558,0
10/23/23 1:00,13.461,0
10/23/23 1:15,13.365,0
10/23/23 1:30,13.269,0
10/23/23 1:45,13.076,0
10/23/23 2:00,12.883,0
10/23/23 2:15,12.594,0
10/23/23 2:30,12.304,0
10/23/23 2:45,12.013,0
10/23/23 3:00,11.819,0
10/23/23 3:15,11.625,0
10/23/23 3:30,11.625,0
10/23/23 3:45,11.625,0
10/23/23 4:00,11.528,0
10/23/23 4:15,11.431,0
10/23/23 4:30,11.236,0
10/23/23 4:45,11.139,0
10/23/23 5:00,11.041,0
10/23/23 5:15,10.846,0
10/23/23 5:30,10.651,0
10/23/23 5:45,10.357,0
10/23/23 6:00,10.259,0
10/23/23 6:15,10.063,0
10/23/23 6:30,10.063,0
10/23/23 6:45,10.063,0
10/23/23 7:00,10.063,0
10/23/23 7:15,10.063,0
10/23/23 7:30,9.965,0
10/23/23 7:45,9.965,53.8
10/23/23 8:00,10.063,193.8
10/23/23 8:15,10.357,462.9
10/23/23 8:30,10.846,688.9
10/23/23 8:45,11.528,828.8
10/23/23 9:00,12.11,947.2
10/23/23 9:15,12.594,1022.6
10/23/23 9:30,13.269,1227.1
10/23/23 9:45,13.654,1324
10/23/23 10:00,14.038,2325
10/23/23 10:15,14.9,2669.5
10/23/23 10:30,15.378,2325
10/23/23 10:45,15.855,3616.7
10/23/23 11:00,16.237,4133.4
10/23/23 11:15,16.999,3788.9
10/23/23 11:30,17.76,2755.6
10/23/23 11:45,17.76,2238.9
10/23/23 12:00,17.95,2152.8
10/23/23 12:15,18.331,2325
10/23/23 12:30,18.711,1980.6
10/23/23 12:45,18.616,2066.7
10/23/23 13:00,18.806,2755.6
10/23/23 13:15,19.187,2583.4
10/23/23 13:30,19.377,3444.5
10/23/23 13:45,19.853,2325
10/23/23 14:00,19.567,1636.1
10/23/23 14:15,19.662,1636.1
10/23/23 14:30,19.948,2152.8
10/23/23 14:45,20.138,1808.3
10/23/23 15:00,20.138,2152.8
10/23/23 15:15,20.234,2066.7
10/23/23 15:30,20.424,1980.6
10/23/23 15:45,20.805,2066.7
10/23/23 16:00,20.805,1894.5
10/23/23 16:15,20.805,1313.2
10/23/23 16:30,20.71,1377.8
10/23/23 16:45,20.519,1205.6
10/23/23 17:00,20.234,1151.7
10/23/23 17:15,20.043,1377.8
10/23/23 17:30,19.948,979.5
10/23/23 17:45,19.472,376.7
10/23/23 18:00,19.092,462.9
10/23/23 18:15,18.616,387.5
10/23/23 18:30,18.14,247.6
10/23/23 18:45,17.665,53.8
10/23/23 19:00,17.284,0
10/23/23 19:15,16.808,0
10/23/23 19:30,16.427,0
10/23/23 19:45,16.046,0
10/23/23 20:00,15.76,0
10/23/23 20:15,15.473,0
10/23/23 20:30,15.282,0
10/23/23 20:45,14.996,0
10/23/23 21:00,14.804,0
10/23/23 21:15,14.709,0
10/23/23 21:30,14.613,0
10/23/23 21:45,14.517,0
10/23/23 22:00,14.325,0
10/23/23 22:15,14.23,0
10/23/23 22:30,14.038,0
10/23/23 22:45,13.942,0
10/23/23 23:00,13.75,0
10/23/23 23:15,13.654,0
10/23/23 23:30,13.558,0
10/23/23 23:45,13.461,0
10/24/23 0:00,13.365,0
10/24/23 0:15,12.98,0
10/24/23 0:30,12.787,0
10/24/23 0:45,12.69,0
10/24/23 1:00,12.69,0
10/24/23 1:15,12.69,0
10/24/23 1:30,12.98,0
10/24/23 1:45,13.173,0
10/24/23 2:00,13.173,0
10/24/23 2:15,13.173,0
10/24/23 2:30,13.173,0
10/24/23 2:45,12.883,0
10/24/23 3:00,12.69,0
10/24/23 3:15,12.497,0
10/24/23 3:30,12.401,0
10/24/23 3:45,12.304,0
10/24/23 4:00,12.207,0
10/24/23 4:15,12.207,0
10/24/23 4:30,12.207,0
10/24/23 4:45,12.11,0
10/24/23 5:00,12.013,0
10/24/23 5:15,11.916,0
10/24/23 5:30,11.819,0
10/24/23 5:45,11.722,0
10/24/23 6:00,11.528,0
10/24/23 6:15,11.236,0
10/24/23 6:30,10.944,0
10/24/23 6:45,10.651,0
10/24/23 7:00,10.455,0
10/24/23 7:15,10.161,0
10/24/23 7:30,9.965,0
10/24/23 7:45,9.866,21.5
10/24/23 8:00,9.866,96.9
10/24/23 8:15,9.866,236.8
10/24/23 8:30,10.063,366
10/24/23 8:45,10.357,484.4
10/24/23 9:00,10.651,473.6
10/24/23 9:15,11.236,602.8
10/24/23 9:30,11.819,699.7
10/24/23 9:45,12.497,871.9
10/24/23 10:00,13.365,2152.8
10/24/23 10:15,14.517,3444.5
10/24/23 10:30,16.427,7233.4
10/24/23 10:45,18.14,7233.4
10/24/23 11:00,18.426,5166.7
10/24/23 11:15,18.236,3788.9
10/24/23 11:30,18.045,2583.4
10/24/23 11:45,18.521,2325
10/24/23 12:00,18.236,1722.2
10/24/23 12:15,18.236,1550
10/24/23 12:30,18.521,1636.1
10/24/23 12:45,18.426,1119.5
10/24/23 13:00,18.331,1550
10/24/23 13:15,18.521,1377.8
10/24/23 13:30,18.806,2238.9
10/24/23 13:45,18.996,1345.5
10/24/23 14:00,18.996,1248.6
10/24/23 14:15,18.996,1065.6
10/24/23 14:30,19.187,1151.7
10/24/23 14:45,19.472,1324
10/24/23 15:00,19.662,1894.5
10/24/23 15:15,19.948,1894.5
10/24/23 15:30,20.043,2152.8
10/24/23 15:45,20.234,1808.3
10/24/23 16:00,20.424,1636.1
10/24/23 16:15,20.424,1377.8
10/24/23 16:30,20.234,1227.1
10/24/23 16:45,20.138,1033.3
10/24/23 17:00,20.043,882.6
10/24/23 17:15,19.853,850.4
10/24/23 17:30,19.567,753.5
10/24/23 17:45,19.377,602.8
10/24/23 18:00,19.187,505.9
10/24/23 18:15,18.901,376.7
10/24/23 18:30,18.426,183
10/24/23 18:45,17.855,53.8
10/24/23 19:00,17.284,10.8
10/24/23 19:15,16.808,0
10/24/23 19:30,16.523,0
10/24/23 19:45,16.332,0
10/24/23 20:00,15.951,0
10/24/23 20:15,15.664,0
10/24/23 20:30,15.473,0
10/24/23 20:45,15.282,0
10/24/23 21:00,15.187,0
10/24/23 21:15,14.996,0
10/24/23 21:30,14.9,0
10/24/23 21:45,14.804,0
10/24/23 22:00,14.709,0
10/24/23 22:15,14.709,0
10/24/23 22:30,14.517,0
10/24/23 22:45,14.517,0
10/24/23 23:00,14.421,0
10/24/23 23:15,14.421,0
10/24/23 23:30,14.325,0
10/24/23 23:45,14.23,0
10/25/23 0:00,14.134,0
10/25/23 0:15,14.134,0
10/25/23 0:30,14.038,0
10/25/23 0:45,13.942,0
10/25/23 1:00,13.846,0
10/25/23 1:15,13.75,0
10/25/23 1:30,13.654,0
10/25/23 1:45,13.654,0
10/25/23 2:00,13.654,0
10/25/23 2:15,13.461,0
10/25/23 2:30,13.365,0
10/25/23 2:45,13.269,0
10/25/23 3:00,13.076,0
10/25/23 3:15,12.883,0
10/25/23 3:30,12.69,0
10/25/23 3:45,12.497,0
10/25/23 4:00,12.401,0
10/25/23 4:15,12.207,0
10/25/23 4:30,12.013,0
10/25/23 4:45,11.819,0
10/25/23 5:00,11.819,0
10/25/23 5:15,11.625,0
10/25/23 5:30,11.528,0
10/25/23 5:45,11.431,0
10/25/23 6:00,11.334,0
10/25/23 6:15,11.236,0
10/25/23 6:30,11.139,0
10/25/23 6:45,11.041,0
10/25/23 7:00,10.944,0
10/25/23 7:15,10.944,0
10/25/23 7:30,11.041,0
10/25/23 7:45,11.236,0
10/25/23 8:00,11.334,53.8
10/25/23 8:15,11.528,172.2
10/25/23 8:30,11.722,355.2
10/25/23 8:45,12.013,559.7
10/25/23 9:00,12.401,731.9
10/25/23 9:15,12.883,1044.1
10/25/23 9:30,13.558,1054.9
10/25/23 9:45,14.325,1184
10/25/23 10:00,15.187,2755.6
10/25/23 10:15,16.237,2927.8
10/25/23 10:30,16.999,2152.8
10/25/23 10:45,17.76,3272.2
10/25/23 11:00,18.14,2325
10/25/23 11:15,18.426,2669.5
10/25/23 11:30,18.996,2497.2
10/25/23 11:45,19.092,2583.4
10/25/23 12:00,19.092,2238.9
10/25/23 12:15,19.472,2411.1
10/25/23 12:30,19.853,2927.8
10/25/23 12:45,20.329,3272.2
10/25/23 13:00,20.996,3788.9
10/25/23 13:15,21.473,2755.6
10/25/23 13:30,21.091,2583.4
10/25/23 13:45,20.71,1463.9
10/25/23 14:00,20.615,1334.7
10/25/23 14:15,20.71,1291.7
10/25/23 14:30,20.901,1550
10/25/23 14:45,21.187,2755.6
10/25/23 15:00,21.664,2325
10/25/23 15:15,22.238,3100
10/25/23 15:30,22.812,2583.4
10/25/23 15:45,22.812,2583.4
10/25/23 16:00,22.812,1636.1
10/25/23 16:15,22.525,2066.7
10/25/23 16:30,22.525,1980.6
10/25/23 16:45,22.429,1636.1
10/25/23 17:00,22.142,990.3
10/25/23 17:15,21.76,1334.7
10/25/23 17:30,22.046,1087.2
10/25/23 17:45,21.855,850.4
10/25/23 18:00,21.569,764.2
10/25/23 18:15,21.187,355.2
10/25/23 18:30,20.71,172.2
10/25/23 18:45,20.234,53.8
10/25/23 19:00,19.758,10.8
10/25/23 19:15,19.282,0
10/25/23 19:30,18.901,0
10/25/23 19:45,18.616,0
10/25/23 20:00,18.331,0
10/25/23 20:15,18.14,0
10/25/23 20:30,17.95,0
10/25/23 20:45,17.855,0
10/25/23 21:00,17.95,0
10/25/23 21:15,17.95,0
10/25/23 21:30,17.95,0
10/25/23 21:45,17.76,0
10/25/23 22:00,17.665,0
10/25/23 22:15,17.57,0
10/25/23 22:30,17.475,0
10/25/23 22:45,17.475,0
10/25/23 23:00,17.379,0
10/25/23 23:15,17.379,0
10/25/23 23:30,17.379,0
10/25/23 23:45,17.284,0
10/26/23 0:00,17.189,0
10/26/23 0:15,17.189,0
10/26/23 0:30,17.094,0
10/26/23 0:45,17.094,0
10/26/23 1:00,16.903,0
10/26/23 1:15,16.808,0
10/26/23 1:30,16.713,0
10/26/23 1:45,16.618,0
10/26/23 2:00,16.618,0
10/26/23 2:15,16.618,0
10/26/23 2:30,16.523,0
10/26/23 2:45,16.427,0
10/26/23 3:00,16.427,0
10/26/23 3:15,16.523,0
10/26/23 3:30,16.618,0
10/26/23 3:45,16.713,0
10/26/23 4:00,16.713,0
10/26/23 4:15,16.713,0
10/26/23 4:30,16.618,0
10/26/23 4:45,16.618,0
10/26/23 5:00,16.618,0
10/26/23 5:15,16.713,0
10/26/23 5:30,16.618,0
10/26/23 5:45,16.427,0
10/26/23 6:00,16.332,0
10/26/23 6:15,16.237,0
10/26/23 6:30,16.046,0
10/26/23 6:45,15.951,0
10/26/23 7:00,15.76,0
10/26/23 7:15,15.569,0
10/26/23 7:30,15.473,0
10/26/23 7:45,15.378,10.8
10/26/23 8:00,15.378,75.3
10/26/23 8:15,15.378,204.5
10/26/23 8:30,15.473,312.2
10/26/23 8:45,15.76,419.8
10/26/23 9:00,16.141,516.7
10/26/23 9:15,16.523,764.2
10/26/23 9:30,17.475,1076.4
10/26/23 9:45,17.95,968.8
10/26/23 10:00,18.521,1808.3
10/26/23 10:15,19.377,3272.2
10/26/23 10:30,20.901,6200
10/26/23 10:45,22.333,6200
10/26/23 11:00,23.004,5166.7
10/26/23 11:15,23.196,3788.9
10/26/23 11:30,23.388,2927.8
10/26/23 11:45,23.388,2497.2
10/26/23 12:00,23.196,1808.3
10/26/23 12:15,23.1,2152.8
10/26/23 12:30,23.196,2066.7
10/26/23 12:45,23.484,3100
10/26/23 13:00,23.677,2411.1
10/26/23 13:15,23.484,1722.2
10/26/23 13:30,23.388,2583.4
10/26/23 13:45,23.773,2755.6
10/26/23 14:00,23.869,1550
10/26/23 14:15,23.388,1356.3
10/26/23 14:30,23.484,1550
10/26/23 14:45,23.388,1463.9
10/26/23 15:00,23.773,2325
10/26/23 15:15,23.869,2927.8
10/26/23 15:30,23.869,2152.8
10/26/23 15:45,24.062,1722.2
10/26/23 16:00,23.869,1808.3
10/26/23 16:15,23.773,656.6
10/26/23 16:30,23.581,656.6
10/26/23 16:45,23.388,1722.2
10/26/23 17:00,24.062,1130.2
10/26/23 17:15,23.581,914.9
10/26/23 17:30,23.292,775
10/26/23 17:45,23.1,419.8
10/26/23 18:00,22.812,624.3
10/26/23 18:15,22.812,419.8
10/26/23 18:30,22.238,161.5
10/26/23 18:45,21.378,53.8
10/26/23 19:00,20.901,0
10/26/23 19:15,20.329,0
10/26/23 19:30,20.043,0
10/26/23 19:45,19.758,0
10/26/23 20:00,19.472,0
10/26/23 20:15,19.282,0
10/26/23 20:30,19.092,0
10/26/23 20:45,19.092,0
10/26/23 21:00,18.996,0
10/26/23 21:15,18.901,0
10/26/23 21:30,18.806,0
10/26/23 21:45,18.711,0
10/26/23 22:00,18.521,0
10/26/23 22:15,18.331,0
10/26/23 22:30,18.236,0
10/26/23 22:45,18.045,0
10/26/23 23:00,17.855,0
10/26/23 23:15,17.665,0
10/26/23 23:30,17.475,0
10/26/23 23:45,17.379,0
10/27/23 0:00,17.379,0
10/27/23 0:15,17.475,0
10/27/23 0:30,17.57,0
10/27/23 0:45,17.665,0
10/27/23 1:00,17.855,0
10/27/23 1:15,17.95,0
10/27/23 1:30,18.045,0
10/27/23 1:45,18.045,0
10/27/23 2:00,18.236,0
10/27/23 2:15,18.14,0
10/27/23 2:30,17.95,0
10/27/23 2:45,17.76,0
10/27/23 3:00,17.57,0
10/27/23 3:15,17.284,0
10/27/23 3:30,17.094,0
10/27/23 3:45,16.999,0
10/27/23 4:00,16.999,0
10/27/23 4:15,16.999,0
10/27/23 4:30,16.903,0
10/27/23 4:45,16.903,0
10/27/23 5:00,16.903,0
10/27/23 5:15,16.808,0
10/27/23 5:30,16.713,0
10/27/23 5:45,16.713,0
10/27/23 6:00,16.618,0
10/27/23 6:15,16.523,0
10/27/23 6:30,16.332,0
10/27/23 6:45,16.046,0
10/27/23 7:00,15.855,0
10/27/23 7:15,15.76,0
10/27/23 7:30,15.569,0
10/27/23 7:45,15.378,0
10/27/23 8:00,15.282,32.3
10/27/23 8:15,15.187,96.9
10/27/23 8:30,15.282,161.5
10/27/23 8:45,15.473,258.3
10/27/23 9:00,15.855,344.4
10/27/23 9:15,16.332,409
10/27/23 9:30,16.903,678.1
10/27/23 9:45,17.855,947.2
10/27/23 10:00,18.806,958
10/27/23 10:15,19.662,1980.6
10/27/23 10:30,20.996,1636.1
10/27/23 10:45,21.569,3788.9
10/27/23 11:00,23.004,3100
10/27/23 11:15,23.1,1636.1
10/27/23 11:30,23.1,1636.1
10/27/23 11:45,23.1,1550
10/27/23 12:00,23.196,1550
10/27/23 12:15,22.812,764.2
10/27/23 12:30,22.525,958
10/27/23 12:45,23.004,1980.6
10/27/23 13:00,23.773,1722.2
10/27/23 13:15,23.677,1377.8
10/27/23 13:30,23.869,1377.8
10/27/23 13:45,23.966,1377.8
10/27/23 14:00,24.062,1377.8
10/27/23 14:15,23.773,1022.6
10/27/23 14:30,23.484,775
10/27/23 14:45,23.581,1141
10/27/23 15:00,23.966,1324
10/27/23 15:15,24.062,1097.9
10/27/23 15:30,24.158,1550
10/27/23 15:45,24.351,1463.9
10/27/23 16:00,24.738,807.3
10/27/23 16:15,24.545,936.5
10/27/23 16:30,24.062,947.2
10/27/23 16:45,23.966,462.9
10/27/23 17:00,23.581,688.9
10/27/23 17:15,23.388,473.6
10/27/23 17:30,23.196,387.5
10/27/23 17:45,23.004,301.4
10/27/23 18:00,22.621,247.6
10/27/23 18:15,22.333,204.5
10/27/23 18:30,21.951,43.1
10/27/23 18:45,21.473,21.5
10/27/23 19:00,21.091,0
10/27/23 19:15,20.71,0
10/27/23 19:30,20.329,0
10/27/23 19:45,20.043,0
10/27/23 20:00,19.758,0
10/27/23 20:15,19.472,0
10/27/23 20:30,19.282,0
10/27/23 20:45,19.187,0
10/27/23 21:00,18.996,0
10/27/23 21:15,18.901,0
10/27/23 21:30,18.711,0
10/27/23 21:45,18.711,0
10/27/23 22:00,18.616,0
10/27/23 22:15,18.616,0
10/27/23 22:30,18.331,0
10/27/23 22:45,18.045,0
10/27/23 23:00,17.76,0
10/27/23 23:15,17.57,0
10/27/23 23:30,17.475,0
10/27/23 23:45,17.189,0
10/28/23 0:00,17.094,0
10/28/23 0:15,16.903,0
10/28/23 0:30,16.903,0
10/28/23 0:45,16.713,0
10/28/23 1:00,16.618,0
10/28/23 1:15,16.523,0
10/28/23 1:30,16.332,0
10/28/23 1:45,16.237,0
10/28/23 2:00,16.141,0
10/28/23 2:15,15.951,0
10/28/23 2:30,15.855,0
10/28/23 2:45,15.76,0
10/28/23 3:00,15.664,0
10/28/23 3:15,15.664,0
10/28/23 3:30,15.569,0
10/28/23 3:45,15.473,0
10/28/23 4:00,15.378,0
10/28/23 4:15,15.282,0
10/28/23 4:30,15.187,0
10/28/23 4:45,15.187,0
10/28/23 5:00,15.187,0
10/28/23 5:15,15.187,0
10/28/23 5:30,15.091,0
10/28/23 5:45,14.996,0
10/28/23 6:00,14.9,0
10/28/23 6:15,14.804,0
10/28/23 6:30,14.709,0
10/28/23 6:45,14.613,0
10/28/23 7:00,14.613,0
10/28/23 7:15,14.517,0
10/28/23 7:30,14.517,0
10/28/23 7:45,14.517,0
10/28/23 8:00,14.421,32.3
10/28/23 8:15,14.517,96.9
10/28/23 8:30,14.613,172.2
10/28/23 8:45,14.804,247.6
10/28/23 9:00,14.996,301.4
10/28/23 9:15,15.378,322.9
10/28/23 9:30,15.855,387.5
10/28/23 9:45,16.427,516.7
10/28/23 10:00,17.189,968.8
10/28/23 10:15,18.14,1722.2
10/28/23 10:30,19.948,4305.6
10/28/23 10:45,21.76,4133.4
10/28/23 11:00,22.525,3444.5
10/28/23 11:15,22.621,2497.2
10/28/23 11:30,22.621,1722.2
10/28/23 11:45,22.812,1463.9
10/28/23 12:00,22.621,914.9
10/28/23 12:15,22.238,871.9
10/28/23 12:30,22.333,828.8
10/28/23 12:45,22.238,688.9
10/28/23 13:00,22.429,764.2
10/28/23 13:15,22.525,818.1
10/28/23 13:30,23.196,1463.9
10/28/23 13:45,23.292,710.4
10/28/23 14:00,23.388,635.1
10/28/23 14:15,23.292,742.7
10/28/23 14:30,23.581,1108.7
10/28/23 14:45,23.966,1162.5
10/28/23 15:00,23.966,1722.2
10/28/23 15:15,24.158,1550
10/28/23 15:30,24.545,2238.9
10/28/23 15:45,24.738,1280.9
10/28/23 16:00,24.738,484.4
10/28/23 16:15,24.738,1270.1
10/28/23 16:30,24.545,1141
10/28/23 16:45,24.448,925.7
10/28/23 17:00,24.062,796.5
10/28/23 17:15,24.062,775
10/28/23 17:30,23.966,667.4
10/28/23 17:45,23.773,505.9
10/28/23 18:00,23.484,387.5
10/28/23 18:15,23.196,258.3
10/28/23 18:30,23.004,96.9
10/28/23 18:45,22.429,32.3
10/28/23 19:00,21.855,0
10/28/23 19:15,21.378,0
10/28/23 19:30,20.996,0
10/28/23 19:45,20.71,0
10/28/23 20:00,20.519,0
10/28/23 20:15,20.424,0
10/28/23 20:30,20.234,0
10/28/23 20:45,19.948,0
10/28/23 21:00,19.567,0
10/28/23 21:15,19.282,0
10/28/23 21:30,18.996,0
10/28/23 21:45,18.806,0
10/28/23 22:00,18.521,0
10/28/23 22:15,18.331,0
10/28/23 22:30,18.14,0
10/28/23 22:45,18.045,0
10/28/23 23:00,17.855,0
10/28/23 23:15,17.76,0
10/28/23 23:30,17.57,0
10/28/23 23:45,17.475,0
10/29/23 0:00,17.284,0
10/29/23 0:15,17.189,0
10/29/23 0:30,17.094,0
10/29/23 0:45,16.999,0
10/29/23 1:00,16.903,0
10/29/23 1:15,16.808,0
10/29/23 1:30,16.618,0
10/29/23 1:45,16.523,0
10/29/23 2:00,16.427,0
10/29/23 2:15,16.332,0
10/29/23 2:30,16.237,0
10/29/23 2:45,16.237,0
10/29/23 3:00,16.332,0
10/29/23 3:15,16.523,0
10/29/23 3:30,16.713,0
10/29/23 3:45,16.808,0
10/29/23 4:00,16.903,0
10/29/23 4:15,16.999,0
10/29/23 4:30,16.999,0
10/29/23 4:45,16.903,0
10/29/23 5:00,16.903,0
10/29/23 5:15,16.713,0
10/29/23 5:30,16.523,0
10/29/23 5:45,16.332,0
10/29/23 6:00,16.141,0
10/29/23 6:15,16.046,0
10/29/23 6:30,15.855,0
10/29/23 6:45,15.76,0
10/29/23 7:00,15.664,0
10/29/23 7:15,15.569,0
10/29/23 7:30,15.473,0
10/29/23 7:45,15.378,0
10/29/23 8:00,15.282,43.1
10/29/23 8:15,15.282,150.7
10/29/23 8:30,15.282,236.8
10/29/23 8:45,15.473,322.9
10/29/23 9:00,15.664,409
10/29/23 9:15,16.237,484.4
10/29/23 9:30,17.189,570.5
10/29/23 9:45,17.855,785.8
10/29/23 10:00,18.426,1463.9
10/29/23 10:15,19.187,2669.5
10/29/23 10:30,21.091,6544.5
10/29/23 10:45,22.908,7577.8
10/29/23 11:00,23.773,5511.1
10/29/23 11:15,24.062,4133.4
10/29/23 11:30,24.158,2755.6
10/29/23 11:45,24.255,2152.8
10/29/23 12:00,23.869,1377.8
10/29/23 12:15,23.869,462.9
10/29/23 12:30,24.255,1001
10/29/23 12:45,24.448,1550
10/29/23 13:00,24.351,1162.5
10/29/23 13:15,24.255,1151.7
10/29/23 13:30,24.351,1119.5
10/29/23 13:45,24.545,3100
10/29/23 14:00,25.125,1636.1
10/29/23 14:15,24.835,1173.3
10/29/23 14:30,24.641,645.8
10/29/23 14:45,24.545,1130.2
10/29/23 15:00,25.125,1980.6
10/29/23 15:15,25.319,1636.1
10/29/23 15:30,25.61,2238.9
10/29/23 15:45,25.902,1722.2
10/29/23 16:00,25.805,1270.1
10/29/23 16:15,25.708,1151.7
10/29/23 16:30,25.513,1001
10/29/23 16:45,25.319,871.9
10/29/23 17:00,25.028,775
10/29/23 17:15,25.125,678.1
10/29/23 17:30,24.835,613.5
10/29/23 17:45,24.351,419.8
10/29/23 18:00,23.966,355.2
10/29/23 18:15,23.773,247.6
10/29/23 18:30,23.292,86.1
10/29/23 18:45,22.812,21.5
10/29/23 19:00,22.333,0
10/29/23 19:15,21.855,0
10/29/23 19:30,21.473,0
10/29/23 19:45,21.091,0
10/29/23 20:00,20.805,0
10/29/23 20:15,20.519,0
10/29/23 20:30,20.329,0
10/29/23 20:45,20.138,0
10/29/23 21:00,19.948,0
10/29/23 21:15,19.662,0
10/29/23 21:30,19.567,0
10/29/23 21:45,19.377,0
10/29/23 22:00,19.187,0
10/29/23 22:15,19.092,0
10/29/23 22:30,18.901,0
10/29/23 22:45,18.806,0
10/29/23 23:00,18.616,0
10/29/23 23:15,18.521,0
10/29/23 23:30,18.426,0
10/29/23 23:45,18.236,0
10/30/23 0:00,18.14,0
10/30/23 0:15,18.045,0
10/30/23 0:30,18.045,0
10/30/23 0:45,17.95,0
10/30/23 1:00,17.76,0
10/30/23 1:15,17.665,0
10/30/23 1:30,17.475,0
10/30/23 1:45,17.379,0
10/30/23 2:00,17.284,0
10/30/23 2:15,17.189,0
10/30/23 2:30,17.189,0
10/30/23 2:45,16.999,0
10/30/23 3:00,16.903,0
10/30/23 3:15,16.808,0
10/30/23 3:30,16.808,0
10/30/23 3:45,16.713,0
10/30/23 4:00,16.618,0
10/30/23 4:15,16.523,0
10/30/23 4:30,16.427,0
10/30/23 4:45,16.332,0
10/30/23 5:00,16.332,0
10/30/23 5:15,16.427,0
10/30/23 5:30,16.427,0
10/30/23 5:45,16.427,0
10/30/23 6:00,16.427,0
10/30/23 6:15,16.237,0
10/30/23 6:30,16.141,0
10/30/23 6:45,16.141,0
10/30/23 7:00,16.237,0
10/30/23 7:15,16.332,0
10/30/23 7:30,16.332,0
10/30/23 7:45,16.237,0
10/30/23 8:00,16.046,32.3
10/30/23 8:15,16.046,118.4
10/30/23 8:30,16.141,183
10/30/23 8:45,16.237,258.3
10/30/23 9:00,16.523,322.9
10/30/23 9:15,16.999,387.5
10/30/23 9:30,17.475,430.6
10/30/23 9:45,18.045,452.1
10/30/23 10:00,18.426,710.4
10/30/23 10:15,19.472,1324
10/30/23 10:30,21.091,3100
10/30/23 10:45,22.621,3100
10/30/23 11:00,23.196,2152.8
10/30/23 11:15,23.388,1636.1
10/30/23 11:30,23.484,1463.9
10/30/23 11:45,23.773,1324
10/30/23 12:00,23.677,764.2
10/30/23 12:15,23.581,785.8
10/30/23 12:30,23.773,850.4
10/30/23 12:45,23.966,699.7
10/30/23 13:00,24.448,559.7
10/30/23 13:15,24.448,484.4
10/30/23 13:30,24.641,1894.5
10/30/23 13:45,25.513,990.3
10/30/23 14:00,25.805,1808.3
10/30/23 14:15,25.902,559.7
10/30/23 14:30,25.125,258.3
10/30/23 14:45,25.125,904.2
10/30/23 15:00,25.416,1291.7
10/30/23 15:15,25.513,301.4
10/30/23 15:30,25.319,613.5
10/30/23 15:45,25.902,269.1
10/30/23 16:00,25.416,667.4
10/30/23 16:15,25.61,236.8
10/30/23 16:30,25.416,635.1
10/30/23 16:45,25.222,904.2
10/30/23 17:00,24.738,366
10/30/23 17:15,24.351,602.8
10/30/23 17:30,24.255,505.9
10/30/23 17:45,23.484,139.9
10/30/23 18:00,22.621,118.4
10/30/23 18:15,21.378,86.1
10/30/23 18:30,20.519,43.1
10/30/23 18:45,19.567,10.8
10/30/23 19:00,18.901,0
10/30/23 19:15,18.331,0
10/30/23 19:30,17.95,0
10/30/23 19:45,17.665,0
10/30/23 20:00,17.379,0
10/30/23 20:15,17.189,0
10/30/23 20:30,16.808,0
10/30/23 20:45,16.427,0
10/30/23 21:00,16.141,0
10/30/23 21:15,15.664,0
10/30/23 21:30,15.091,0
10/30/23 21:45,14.709,0
10/30/23 22:00,14.325,0
10/30/23 22:15,13.846,0
10/30/23 22:30,13.461,0
10/30/23 22:45,13.365,0
10/30/23 23:00,13.173,0
10/30/23 23:15,12.98,0
10/30/23 23:30,12.787,0
10/30/23 23:45,12.69,0
10/31/23 0:00,12.497,0
10/31/23 0:15,12.401,0
10/31/23 0:30,12.207,0
10/31/23 0:45,12.11,0
10/31/23 1:00,11.916,0
10/31/23 1:15,11.916,0
10/31/23 1:30,11.722,0
10/31/23 1:45,11.528,0
10/31/23 2:00,11.334,0
10/31/23 2:15,11.236,0
10/31/23 2:30,11.139,0
10/31/23 2:45,11.139,0
10/31/23 3:00,10.944,0
10/31/23 3:15,10.944,0
10/31/23 3:30,10.846,0
10/31/23 3:45,10.846,0
10/31/23 4:00,10.846,0
10/31/23 4:15,10.651,0
10/31/23 4:30,10.651,0
10/31/23 4:45,10.553,0
10/31/23 5:00,10.553,0
10/31/23 5:15,10.455,0
10/31/23 5:30,10.455,0
10/31/23 5:45,10.455,0
10/31/23 6:00,10.357,0
10/31/23 6:15,10.455,0
10/31/23 6:30,10.357,0
10/31/23 6:45,10.357,0
10/31/23 7:00,10.259,0
10/31/23 7:15,10.161,0
10/31/23 7:30,10.161,0
10/31/23 7:45,10.161,0
10/31/23 8:00,10.161,0
10/31/23 8:15,10.161,21.5
10/31/23 8:30,10.161,86.1
10/31/23 8:45,10.357,258.3
10/31/23 9:00,10.455,495.1
10/31/23 9:15,10.651,430.6
10/31/23 9:30,10.748,495.1
10/31/23 9:45,10.651,398.3
10/31/23 10:00,10.651,473.6
10/31/23 10:15,10.651,678.1
10/31/23 10:30,11.041,1108.7
10/31/23 10:45,11.528,1334.7
10/31/23 11:00,11.819,1097.9
10/31/23 11:15,11.916,1550
10/31/23 11:30,11.625,1636.1
10/31/23 11:45,11.722,2411.1
10/31/23 12:00,12.11,1377.8
10/31/23 12:15,12.401,1377.8
10/31/23 12:30,13.269,1808.3
10/31/23 12:45,14.23,2497.2
10/31/23 13:00,14.23,2066.7
10/31/23 13:15,14.421,2152.8
10/31/23 13:30,14.996,2238.9
10/31/23 13:45,14.804,2583.4
10/31/23 14:00,14.996,1980.6
10/31/23 14:15,15.664,2755.6
10/31/23 14:30,15.664,1636.1
10/31/23 14:45,15.473,1463.9
10/31/23 15:00,15.569,1980.6
10/31/23 15:15,16.713,1894.5
10/31/23 15:30,16.808,1980.6
10/31/23 15:45,16.332,1065.6
10/31/23 16:00,16.046,828.8
10/31/23 16:15,15.951,1076.4
10/31/23 16:30,15.855,850.4
10/31/23 16:45,15.76,914.9
10/31/23 17:00,15.569,1248.6
10/31/23 17:15,15.569,1130.2
10/31/23 17:30,14.996,495.1
10/31/23 17:45,14.804,635.1
10/31/23 18:00,14.709,753.5
10/31/23 18:15,14.23,107.6
10/31/23 18:30,13.846,129.2
10/31/23 18:45,13.269,32.3
10/31/23 19:00,12.787,0
10/31/23 19:15,12.304,0
10/31/23 19:30,12.013,0
10/31/23 19:45,11.722,0
10/31/23 20:00,11.625,0
10/31/23 20:15,11.431,0
10/31/23 20:30,11.236,0
10/31/23 20:45,11.139,0
10/31/23 21:00,11.041,0
10/31/23 21:15,10.651,0
10/31/23 21:30,10.455,0
10/31/23 21:45,10.161,0
10/31/23 22:00,9.768,0
10/31/23 22:15,9.571,0
10/31/23 22:30,9.275,0
10/31/23 22:45,8.978,0
10/31/23 23:00,8.779,0
10/31/23 23:15,8.481,0
10/31/23 23:30,8.282,0
10/31/23 23:45,8.082,0
11/1/23 0:00,7.882,0
11/1/23 0:15,7.582,0
11/1/23 0:30,7.28,0
11/1/23 0:45,7.079,0
11/1/23 1:00,6.775,0
11/1/23 1:15,6.573,0
11/1/23 1:30,6.37,0
11/1/23 1:45,6.268,0
11/1/23 2:00,6.064,0
11/1/23 2:15,5.962,0
11/1/23 2:30,5.757,0
11/1/23 2:45,5.655,0
11/1/23 3:00,5.45,0
11/1/23 3:15,5.347,0
11/1/23 3:30,5.141,0
11/1/23 3:45,5.037,0
11/1/23 4:00,4.831,0
11/1/23 4:15,4.623,0
11/1/23 4:30,4.415,0
11/1/23 4:45,4.207,0
11/1/23 5:00,3.998,0
11/1/23 5:15,3.683,0
11/1/23 5:30,3.261,0
11/1/23 5:45,2.837,0
11/1/23 6:00,2.517,0
11/1/23 6:15,2.303,0
11/1/23 6:30,1.98,0
11/1/23 6:45,1.872,0
11/1/23 7:00,1.656,0
11/1/23 7:15,1.439,0
11/1/23 7:30,1.33,0
11/1/23 7:45,1.221,0
11/1/23 8:00,1.003,32.3
11/1/23 8:15,1.003,118.4
11/1/23 8:30,1.112,193.8
11/1/23 8:45,1.221,258.3
11/1/23 9:00,1.33,322.9
11/1/23 9:15,1.656,387.5
11/1/23 9:30,1.98,516.7
11/1/23 9:45,2.41,667.4
11/1/23 10:00,2.837,958
11/1/23 10:15,3.578,1808.3
11/1/23 10:30,4.934,4477.8
11/1/23 10:45,5.757,4305.6
11/1/23 11:00,6.166,3272.2
11/1/23 11:15,6.37,2152.8
11/1/23 11:30,6.573,2066.7
11/1/23 11:45,6.775,1636.1
11/1/23 12:00,7.079,1130.2
11/1/23 12:15,7.381,1248.6
11/1/23 12:30,7.481,1237.9
11/1/23 12:45,7.682,1087.2
11/1/23 13:00,8.082,1065.6
11/1/23 13:15,8.382,1033.3
11/1/23 13:30,8.879,1463.9
11/1/23 13:45,9.077,1022.6
11/1/23 14:00,9.275,990.3
11/1/23 14:15,9.373,947.2
11/1/23 14:30,9.669,1097.9
11/1/23 14:45,9.965,1087.2
11/1/23 15:00,10.357,1377.8
11/1/23 15:15,10.748,1550
11/1/23 15:30,11.236,2066.7
11/1/23 15:45,11.334,1550
11/1/23 16:00,11.139,1291.7
11/1/23 16:15,11.236,1280.9
11/1/23 16:30,11.236,1259.4
11/1/23 16:45,11.236,1097.9
11/1/23 17:00,11.236,958
11/1/23 17:15,11.236,904.2
11/1/23 17:30,11.139,764.2
11/1/23 17:45,10.944,602.8
11/1/23 18:00,10.651,462.9
11/1/23 18:15,10.357,279.9
11/1/23 18:30,9.866,118.4
11/1/23 18:45,9.275,32.3
11/1/23 19:00,8.978,0
11/1/23 19:15,8.68,0
11/1/23 19:30,8.282,0
11/1/23 19:45,8.082,0
11/1/23 20:00,7.782,0
11/1/23 20:15,7.481,0
11/1/23 20:30,7.179,0
11/1/23 20:45,6.978,0
11/1/23 21:00,6.674,0
11/1/23 21:15,6.268,0
11/1/23 21:30,5.962,0
11/1/23 21:45,5.757,0
11/1/23 22:00,5.655,0
11/1/23 22:15,5.45,0
11/1/23 22:30,5.141,0
11/1/23 22:45,4.934,0
11/1/23 23:00,4.831,0
11/1/23 23:15,4.623,0
11/1/23 23:30,4.415,0
11/1/23 23:45,4.207,0
11/2/23 0:00,4.102,0